--
-- PostgreSQL database dump
--

SET statement_timeout = 0;
SET client_encoding = 'UTF8';
SET standard_conforming_strings = on;
SET check_function_bodies = false;
SET client_min_messages = warning;

SET search_path = public, pg_catalog;

ALTER TABLE ONLY public.payment_payment DROP CONSTRAINT payment_payment_recipient_id_fkey;
ALTER TABLE ONLY public.payment_payment DROP CONSTRAINT payment_payment_payer_id_fkey;
ALTER TABLE ONLY public.payment_entry DROP CONSTRAINT payment_entry_payment_id_fkey;
ALTER TABLE ONLY public.payment_entry DROP CONSTRAINT payment_entry_account_id_fkey;
ALTER TABLE ONLY public.account_creditline DROP CONSTRAINT account_creditline_node_id_fkey;
ALTER TABLE ONLY public.account_creditline DROP CONSTRAINT account_creditline_account_id_fkey;
DROP INDEX public.payment_payment_recipient_id;
DROP INDEX public.payment_payment_payer_id;
DROP INDEX public.payment_entry_payment_id;
DROP INDEX public.payment_entry_account_id;
DROP INDEX public.account_creditline_node_id;
DROP INDEX public.account_creditline_account_id;
ALTER TABLE ONLY public.south_migrationhistory DROP CONSTRAINT south_migrationhistory_pkey;
ALTER TABLE ONLY public.payment_payment DROP CONSTRAINT payment_payment_pkey;
ALTER TABLE ONLY public.payment_entry DROP CONSTRAINT payment_entry_pkey;
ALTER TABLE ONLY public.account_node DROP CONSTRAINT account_node_pkey;
ALTER TABLE ONLY public.account_node DROP CONSTRAINT account_node_alias_key;
ALTER TABLE ONLY public.account_creditline DROP CONSTRAINT account_creditline_pkey;
ALTER TABLE ONLY public.account_account DROP CONSTRAINT account_account_pkey;
ALTER TABLE public.south_migrationhistory ALTER COLUMN id DROP DEFAULT;
ALTER TABLE public.payment_payment ALTER COLUMN id DROP DEFAULT;
ALTER TABLE public.payment_entry ALTER COLUMN id DROP DEFAULT;
ALTER TABLE public.account_node ALTER COLUMN id DROP DEFAULT;
ALTER TABLE public.account_creditline ALTER COLUMN id DROP DEFAULT;
ALTER TABLE public.account_account ALTER COLUMN id DROP DEFAULT;
DROP SEQUENCE public.south_migrationhistory_id_seq;
DROP TABLE public.south_migrationhistory;
DROP SEQUENCE public.payment_payment_id_seq;
DROP TABLE public.payment_payment;
DROP SEQUENCE public.payment_entry_id_seq;
DROP TABLE public.payment_entry;
DROP SEQUENCE public.account_node_id_seq;
DROP TABLE public.account_node;
DROP SEQUENCE public.account_creditline_id_seq;
DROP TABLE public.account_creditline;
DROP SEQUENCE public.account_account_id_seq;
DROP TABLE public.account_account;
DROP EXTENSION plpgsql;
DROP SCHEMA public;
--
-- Name: public; Type: SCHEMA; Schema: -; Owner: -
--

CREATE SCHEMA public;


--
-- Name: SCHEMA public; Type: COMMENT; Schema: -; Owner: -
--

COMMENT ON SCHEMA public IS 'standard public schema';


--
-- Name: plpgsql; Type: EXTENSION; Schema: -; Owner: -
--

CREATE EXTENSION IF NOT EXISTS plpgsql WITH SCHEMA pg_catalog;


--
-- Name: EXTENSION plpgsql; Type: COMMENT; Schema: -; Owner: -
--

COMMENT ON EXTENSION plpgsql IS 'PL/pgSQL procedural language';


SET search_path = public, pg_catalog;

SET default_tablespace = '';

SET default_with_oids = false;

--
-- Name: account_account; Type: TABLE; Schema: public; Owner: -; Tablespace: 
--

CREATE TABLE account_account (
    id integer NOT NULL,
    balance numeric(12,2) NOT NULL,
    is_active boolean NOT NULL,
    created_on timestamp with time zone NOT NULL
);


--
-- Name: account_account_id_seq; Type: SEQUENCE; Schema: public; Owner: -
--

CREATE SEQUENCE account_account_id_seq
    START WITH 1
    INCREMENT BY 1
    NO MINVALUE
    NO MAXVALUE
    CACHE 1;


--
-- Name: account_account_id_seq; Type: SEQUENCE OWNED BY; Schema: public; Owner: -
--

ALTER SEQUENCE account_account_id_seq OWNED BY account_account.id;


--
-- Name: account_creditline; Type: TABLE; Schema: public; Owner: -; Tablespace: 
--

CREATE TABLE account_creditline (
    id integer NOT NULL,
    account_id integer NOT NULL,
    node_id integer NOT NULL,
    bal_mult smallint NOT NULL,
    "limit" numeric(12,2)
);


--
-- Name: account_creditline_id_seq; Type: SEQUENCE; Schema: public; Owner: -
--

CREATE SEQUENCE account_creditline_id_seq
    START WITH 1
    INCREMENT BY 1
    NO MINVALUE
    NO MAXVALUE
    CACHE 1;


--
-- Name: account_creditline_id_seq; Type: SEQUENCE OWNED BY; Schema: public; Owner: -
--

ALTER SEQUENCE account_creditline_id_seq OWNED BY account_creditline.id;


--
-- Name: account_node; Type: TABLE; Schema: public; Owner: -; Tablespace: 
--

CREATE TABLE account_node (
    id integer NOT NULL,
    alias integer NOT NULL,
    CONSTRAINT account_node_alias_check CHECK ((alias >= 0))
);


--
-- Name: account_node_id_seq; Type: SEQUENCE; Schema: public; Owner: -
--

CREATE SEQUENCE account_node_id_seq
    START WITH 1
    INCREMENT BY 1
    NO MINVALUE
    NO MAXVALUE
    CACHE 1;


--
-- Name: account_node_id_seq; Type: SEQUENCE OWNED BY; Schema: public; Owner: -
--

ALTER SEQUENCE account_node_id_seq OWNED BY account_node.id;


--
-- Name: payment_entry; Type: TABLE; Schema: public; Owner: -; Tablespace: 
--

CREATE TABLE payment_entry (
    id integer NOT NULL,
    payment_id integer NOT NULL,
    account_id integer NOT NULL,
    amount numeric(12,2) NOT NULL,
    new_balance numeric(12,2) NOT NULL
);


--
-- Name: payment_entry_id_seq; Type: SEQUENCE; Schema: public; Owner: -
--

CREATE SEQUENCE payment_entry_id_seq
    START WITH 1
    INCREMENT BY 1
    NO MINVALUE
    NO MAXVALUE
    CACHE 1;


--
-- Name: payment_entry_id_seq; Type: SEQUENCE OWNED BY; Schema: public; Owner: -
--

ALTER SEQUENCE payment_entry_id_seq OWNED BY payment_entry.id;


--
-- Name: payment_payment; Type: TABLE; Schema: public; Owner: -; Tablespace: 
--

CREATE TABLE payment_payment (
    id integer NOT NULL,
    payer_id integer NOT NULL,
    recipient_id integer NOT NULL,
    amount numeric(12,2) NOT NULL,
    memo text NOT NULL,
    submitted_at timestamp with time zone NOT NULL,
    last_attempted_at timestamp with time zone,
    status character varying(16) NOT NULL
);


--
-- Name: payment_payment_id_seq; Type: SEQUENCE; Schema: public; Owner: -
--

CREATE SEQUENCE payment_payment_id_seq
    START WITH 1
    INCREMENT BY 1
    NO MINVALUE
    NO MAXVALUE
    CACHE 1;


--
-- Name: payment_payment_id_seq; Type: SEQUENCE OWNED BY; Schema: public; Owner: -
--

ALTER SEQUENCE payment_payment_id_seq OWNED BY payment_payment.id;


--
-- Name: south_migrationhistory; Type: TABLE; Schema: public; Owner: -; Tablespace: 
--

CREATE TABLE south_migrationhistory (
    id integer NOT NULL,
    app_name character varying(255) NOT NULL,
    migration character varying(255) NOT NULL,
    applied timestamp with time zone NOT NULL
);


--
-- Name: south_migrationhistory_id_seq; Type: SEQUENCE; Schema: public; Owner: -
--

CREATE SEQUENCE south_migrationhistory_id_seq
    START WITH 1
    INCREMENT BY 1
    NO MINVALUE
    NO MAXVALUE
    CACHE 1;


--
-- Name: south_migrationhistory_id_seq; Type: SEQUENCE OWNED BY; Schema: public; Owner: -
--

ALTER SEQUENCE south_migrationhistory_id_seq OWNED BY south_migrationhistory.id;


--
-- Name: id; Type: DEFAULT; Schema: public; Owner: -
--

ALTER TABLE ONLY account_account ALTER COLUMN id SET DEFAULT nextval('account_account_id_seq'::regclass);


--
-- Name: id; Type: DEFAULT; Schema: public; Owner: -
--

ALTER TABLE ONLY account_creditline ALTER COLUMN id SET DEFAULT nextval('account_creditline_id_seq'::regclass);


--
-- Name: id; Type: DEFAULT; Schema: public; Owner: -
--

ALTER TABLE ONLY account_node ALTER COLUMN id SET DEFAULT nextval('account_node_id_seq'::regclass);


--
-- Name: id; Type: DEFAULT; Schema: public; Owner: -
--

ALTER TABLE ONLY payment_entry ALTER COLUMN id SET DEFAULT nextval('payment_entry_id_seq'::regclass);


--
-- Name: id; Type: DEFAULT; Schema: public; Owner: -
--

ALTER TABLE ONLY payment_payment ALTER COLUMN id SET DEFAULT nextval('payment_payment_id_seq'::regclass);


--
-- Name: id; Type: DEFAULT; Schema: public; Owner: -
--

ALTER TABLE ONLY south_migrationhistory ALTER COLUMN id SET DEFAULT nextval('south_migrationhistory_id_seq'::regclass);


--
-- Data for Name: account_account; Type: TABLE DATA; Schema: public; Owner: -
--

COPY account_account (id, balance, is_active, created_on) FROM stdin;
4	0.00	t	2011-11-03 03:31:42.269422+00
8	0.00	t	2011-11-03 06:20:19.197634+00
9	0.00	t	2011-11-03 16:25:58.273127+00
10	0.00	t	2011-11-03 16:27:07.090277+00
11	0.00	t	2011-11-03 16:48:55.583184+00
12	0.00	t	2011-11-03 17:55:52.074823+00
13	0.00	t	2011-11-03 18:01:35.671076+00
14	0.00	t	2011-11-03 20:09:14.232875+00
15	0.00	t	2011-11-03 21:22:34.289456+00
17	0.00	t	2011-11-03 21:58:41.316646+00
19	0.00	t	2011-11-04 00:12:27.089175+00
20	0.00	t	2011-11-04 00:37:18.294451+00
21	0.00	t	2011-11-04 02:18:30.779514+00
22	0.00	t	2011-11-04 02:26:01.806644+00
23	0.00	t	2011-11-04 02:55:24.688633+00
24	0.00	t	2011-11-04 03:34:24.106845+00
26	0.00	t	2011-11-04 16:33:05.447726+00
27	0.00	t	2011-11-04 16:59:47.482998+00
28	0.00	t	2011-11-04 17:34:18.911106+00
29	0.00	t	2011-11-04 18:29:45.472582+00
30	0.00	t	2011-11-04 21:59:00.898623+00
31	0.00	t	2011-11-04 21:59:31.505684+00
33	0.00	t	2011-11-06 22:10:15.003326+00
34	0.00	t	2011-11-07 00:33:56.738082+00
18	2.00	t	2011-11-03 22:54:53.249645+00
25	-4.00	t	2011-11-04 04:29:56.770291+00
35	0.00	t	2011-11-08 02:41:30.185077+00
36	0.00	t	2011-11-08 04:04:57.42748+00
37	0.00	t	2011-11-08 05:09:28.078573+00
39	0.00	t	2011-11-08 06:47:00.040415+00
40	0.00	t	2011-11-08 06:59:06.844334+00
42	0.00	t	2011-11-08 09:04:56.083282+00
43	0.00	t	2011-11-08 09:54:52.528078+00
44	0.00	t	2011-11-08 12:08:26.92334+00
126	0.00	t	2011-11-26 12:27:37.362215+00
47	0.00	t	2011-11-08 19:21:14.009833+00
48	0.00	t	2011-11-08 20:13:56.356268+00
49	0.00	t	2011-11-08 23:33:39.690671+00
50	0.00	t	2011-11-09 02:24:29.133155+00
51	0.00	t	2011-11-09 04:28:52.001038+00
52	0.00	t	2011-11-09 06:42:48.501067+00
53	0.00	t	2011-11-09 10:35:46.916403+00
55	0.00	t	2011-11-09 15:44:08.462651+00
57	1.50	t	2011-11-09 18:43:07.926704+00
58	0.00	t	2011-11-09 20:16:47.140507+00
60	0.00	t	2011-11-09 23:13:53.313816+00
61	0.00	t	2011-11-10 03:09:48.409607+00
62	0.00	t	2011-11-10 08:19:49.211374+00
63	0.00	t	2011-11-10 10:34:37.40318+00
64	0.00	t	2011-11-10 15:48:30.977709+00
65	0.00	t	2011-11-10 18:16:22.307762+00
66	0.00	t	2011-11-10 19:33:05.667894+00
59	-0.50	t	2011-11-09 21:20:38.018991+00
67	0.00	t	2011-11-10 20:51:54.631644+00
68	0.00	t	2011-11-10 22:18:36.626907+00
69	0.00	t	2011-11-10 23:35:53.884694+00
70	0.00	t	2011-11-11 01:24:57.900917+00
1	3.00	t	2011-10-27 04:05:27.233764+00
75	0.00	t	2011-11-11 15:01:05.801889+00
76	0.00	t	2011-11-11 18:46:21.948099+00
77	0.00	t	2011-11-11 18:55:50.100501+00
78	0.00	t	2011-11-11 20:03:19.135639+00
79	0.00	t	2011-11-11 22:04:01.943236+00
80	0.00	t	2011-11-12 03:40:27.727549+00
82	0.00	t	2011-11-12 22:18:19.519474+00
83	0.00	t	2011-11-14 16:45:35.805311+00
84	0.00	t	2011-11-14 22:27:35.284038+00
85	0.00	t	2011-11-15 03:07:09.858158+00
86	0.00	t	2011-11-15 03:25:35.842114+00
73	0.00	t	2011-11-11 10:09:17.356213+00
87	0.00	t	2011-11-16 01:30:44.250459+00
88	0.00	t	2011-11-16 06:59:47.896166+00
90	0.00	t	2011-11-16 20:33:40.618143+00
128	0.00	t	2011-12-03 10:41:32.015783+00
129	0.00	t	2011-12-03 12:36:51.545336+00
92	0.00	t	2011-11-16 23:22:58.153211+00
93	0.00	t	2011-11-17 00:26:20.935906+00
130	0.00	t	2011-12-05 21:04:01.768652+00
89	0.00	t	2011-11-16 19:13:07.932336+00
56	-1.00	t	2011-11-09 16:27:36.882336+00
38	1.00	t	2011-11-08 05:42:21.924733+00
94	0.00	t	2011-11-17 09:11:46.81891+00
96	0.00	t	2011-11-18 17:48:45.065836+00
97	0.00	t	2011-11-18 21:52:50.565324+00
149	0.00	t	2011-12-21 04:56:06.941153+00
98	0.00	t	2011-11-19 19:52:00.290064+00
99	0.00	t	2011-11-21 03:53:30.588037+00
100	0.00	t	2011-11-21 08:13:09.714706+00
101	0.00	t	2011-11-21 08:27:48.845391+00
131	-1.00	t	2011-12-06 09:57:14.75367+00
116	-5.00	t	2011-11-24 17:56:30.078704+00
102	0.00	t	2011-11-22 04:37:55.133399+00
103	0.00	t	2011-11-22 04:41:45.873779+00
104	0.00	t	2011-11-22 04:46:58.395661+00
105	0.00	t	2011-11-22 04:53:42.229264+00
6	5.00	t	2011-11-03 06:18:30.192375+00
133	0.00	t	2011-12-07 02:12:22.757078+00
5	2.00	t	2011-11-03 06:12:20.434257+00
7	-1.00	t	2011-11-03 06:20:02.83529+00
3	2.00	t	2011-11-01 18:18:23.41231+00
106	0.00	t	2011-11-23 02:35:52.209873+00
107	0.00	t	2011-11-23 02:36:05.191485+00
108	0.00	t	2011-11-23 11:09:46.464582+00
109	0.00	t	2011-11-23 18:07:31.105605+00
91	0.00	t	2011-11-16 21:28:16.811911+00
110	0.00	t	2011-11-23 23:14:53.517801+00
111	0.00	t	2011-11-24 02:53:54.753621+00
112	0.00	t	2011-11-24 10:15:15.066985+00
113	0.00	t	2011-11-24 11:43:25.517051+00
114	0.00	t	2011-11-24 17:24:38.83675+00
115	0.00	t	2011-11-24 17:50:09.373819+00
117	0.00	t	2011-11-24 18:26:20.053279+00
118	0.00	t	2011-11-24 18:28:28.744793+00
119	0.00	t	2011-11-24 18:32:46.461526+00
120	0.00	t	2011-11-24 18:34:34.174735+00
121	0.00	t	2011-11-24 20:12:39.92049+00
122	0.00	t	2011-11-25 00:58:13.068068+00
123	0.00	t	2011-11-25 01:02:28.362899+00
124	0.00	t	2011-11-25 19:33:18.076728+00
125	0.00	t	2011-11-26 08:32:01.638151+00
127	10.15	t	2011-11-29 01:57:04.190395+00
135	0.00	t	2011-12-07 06:56:50.336758+00
136	0.00	t	2011-12-07 12:53:17.0874+00
137	0.00	t	2011-12-07 23:12:05.879722+00
138	0.00	t	2011-12-08 03:29:06.074644+00
141	0.00	t	2011-12-16 20:30:01.798755+00
142	0.00	t	2011-12-16 22:20:19.146208+00
143	0.00	t	2011-12-17 15:49:27.347044+00
144	0.00	t	2011-12-20 01:51:15.3356+00
146	0.00	t	2011-12-20 01:58:09.530851+00
147	0.00	t	2011-12-20 17:54:11.443511+00
148	0.00	t	2011-12-21 04:35:35.509783+00
151	-5.10	t	2011-12-21 22:05:24.712043+00
165	0.00	t	2011-12-28 15:18:53.80539+00
153	-2.00	t	2011-12-26 12:15:33.656013+00
154	0.00	t	2011-12-27 00:04:19.563774+00
158	-0.65	t	2011-12-27 16:48:44.079844+00
156	0.00	t	2011-12-27 16:47:28.751875+00
159	0.00	t	2011-12-27 16:52:38.241141+00
161	0.00	t	2011-12-27 19:59:54.963429+00
164	0.00	t	2011-12-28 02:30:36.982301+00
2	2.00	t	2011-11-01 07:30:16.995958+00
145	-0.08	t	2011-12-20 01:57:19.237712+00
163	0.00	t	2011-12-27 21:49:51.187731+00
134	-11.24	t	2011-12-07 05:30:58.337595+00
166	-2.00	t	2011-12-28 18:45:04.39793+00
32	0.00	t	2011-11-05 02:26:49.65907+00
81	2.00	t	2011-11-12 21:15:14.485569+00
54	103.84	t	2011-11-09 13:55:46.664626+00
46	8.45	t	2011-11-08 17:18:36.829716+00
45	2.00	t	2011-11-08 12:21:15.229538+00
160	0.00	t	2011-12-27 16:53:45.229885+00
152	-1.00	t	2011-12-24 18:25:57.019209+00
16	-4.50	t	2011-11-03 21:53:11.973248+00
72	0.00	t	2011-11-11 07:21:04.805014+00
74	0.00	t	2011-11-11 14:09:43.258994+00
169	0.00	t	2011-12-28 23:41:23.158762+00
170	0.00	t	2011-12-29 17:42:17.670501+00
171	0.00	t	2011-12-30 00:49:45.050635+00
173	0.00	t	2011-12-31 20:47:07.087525+00
174	0.00	t	2011-12-31 20:48:01.7168+00
175	0.00	t	2011-12-31 20:49:10.967866+00
176	0.00	t	2011-12-31 20:51:13.592464+00
177	0.00	t	2011-12-31 20:52:50.520744+00
267	0.00	t	2012-03-02 05:56:16.90408+00
181	0.00	t	2012-01-02 22:21:12.048754+00
182	0.00	t	2012-01-02 22:46:04.543878+00
301	0.00	t	2012-04-07 19:13:56.988933+00
184	1.00	t	2012-01-03 21:17:28.718589+00
185	0.00	t	2012-01-04 00:06:17.850305+00
186	0.00	t	2012-01-04 19:19:52.609276+00
302	0.00	t	2012-04-07 19:15:37.893285+00
187	0.00	t	2012-01-06 18:03:31.764018+00
188	0.00	t	2012-01-06 21:33:40.733655+00
190	0.00	t	2012-01-09 17:23:35.450817+00
95	364.76	t	2011-11-17 21:30:47.082002+00
139	-1.00	t	2011-12-12 06:21:12.982797+00
191	0.00	t	2012-01-09 19:18:49.753619+00
192	0.00	t	2012-01-11 23:26:24.027277+00
193	0.00	t	2012-01-13 00:37:59.561013+00
195	0.00	t	2012-01-19 09:15:23.487236+00
196	0.00	t	2012-01-20 22:00:51.690344+00
197	0.00	t	2012-01-21 16:39:52.141494+00
198	0.00	t	2012-01-30 05:20:21.540767+00
199	0.00	t	2012-01-30 20:10:39.899103+00
200	0.00	t	2012-02-01 17:37:58.39304+00
201	-0.50	t	2012-02-01 21:03:49.517974+00
202	-1.00	t	2012-02-02 02:21:42.453654+00
203	3.00	t	2012-02-03 15:47:14.330943+00
204	0.00	t	2012-02-04 17:16:10.603175+00
205	0.00	t	2012-02-06 21:17:03.9773+00
268	0.00	t	2012-03-02 11:06:38.598488+00
207	0.00	t	2012-02-07 18:38:55.729292+00
208	0.00	t	2012-02-07 18:39:10.711087+00
209	0.00	t	2012-02-07 19:34:31.397663+00
211	0.00	t	2012-02-07 19:36:03.658517+00
212	0.00	t	2012-02-14 06:51:42.243702+00
214	0.00	t	2012-02-14 07:06:35.460025+00
189	-1.00	t	2012-01-09 17:21:24.637878+00
215	2.00	t	2012-02-16 18:00:09.144943+00
216	-0.50	t	2012-02-16 18:29:13.824809+00
269	0.00	t	2012-03-02 15:59:07.368207+00
217	-5004500.00	t	2012-02-18 14:54:56.663182+00
292	2.00	t	2012-03-23 19:46:03.482907+00
270	-1.50	t	2012-03-02 17:49:44.044684+00
219	-2000.00	t	2012-02-18 15:31:32.94709+00
222	0.00	t	2012-02-18 15:58:30.301856+00
223	-500.00	t	2012-02-18 16:01:07.193771+00
271	-0.50	t	2012-03-03 05:21:48.956706+00
224	80084.50	t	2012-02-18 16:22:32.599969+00
226	-100.00	t	2012-02-18 16:57:59.188264+00
228	-1.00	t	2012-02-18 17:01:04.643584+00
155	0.00	t	2011-12-27 16:45:18.992532+00
229	-10.00	t	2012-02-18 17:21:50.49601+00
230	0.00	t	2012-02-18 17:26:24.883474+00
288	1.00	t	2012-03-22 22:24:35.722296+00
232	-1000.00	t	2012-02-18 17:40:34.981797+00
234	0.00	t	2012-02-18 18:10:20.820632+00
233	1.00	t	2012-02-18 18:09:58.088521+00
273	0.00	t	2012-03-05 10:43:31.287209+00
289	0.00	t	2012-03-23 09:04:45.869424+00
235	-1.00	t	2012-02-18 18:22:57.948258+00
236	-1.00	t	2012-02-18 18:23:13.511409+00
237	0.00	t	2012-02-18 18:39:01.771789+00
238	0.00	t	2012-02-18 20:29:02.922271+00
239	0.00	t	2012-02-18 20:58:37.327603+00
240	0.00	t	2012-02-19 01:16:33.205149+00
241	0.00	t	2012-02-19 01:16:49.317117+00
242	0.00	t	2012-02-19 17:06:05.220081+00
243	0.00	t	2012-02-19 17:06:22.02892+00
220	0.00	t	2012-02-18 15:40:07.779756+00
244	0.00	t	2012-02-19 20:10:57.209148+00
245	0.00	t	2012-02-19 22:39:13.764148+00
247	0.00	t	2012-02-19 23:52:10.102457+00
249	0.00	t	2012-02-20 00:24:30.258876+00
250	0.00	t	2012-02-20 02:00:44.131513+00
251	0.00	t	2012-02-20 11:14:37.402774+00
252	0.00	t	2012-02-20 22:57:56.86726+00
253	0.00	t	2012-02-20 22:58:13.535464+00
255	0.00	t	2012-02-21 00:53:18.471931+00
256	0.00	t	2012-02-21 02:10:11.829033+00
257	0.00	t	2012-02-21 03:51:51.988487+00
258	0.00	t	2012-02-21 18:17:17.520744+00
290	0.00	t	2012-03-23 09:15:21.36158+00
259	0.00	t	2012-02-22 01:41:20.65065+00
272	0.00	t	2012-03-03 20:35:39.769721+00
286	-0.50	t	2012-03-22 00:10:01.506607+00
71	2.00	t	2011-11-11 05:05:47.702959+00
291	0.00	t	2012-03-23 12:05:22.592161+00
260	-1.00	t	2012-02-25 23:48:56.768082+00
261	0.00	t	2012-02-26 14:02:39.690541+00
262	0.00	t	2012-02-26 19:57:29.509375+00
263	0.00	t	2012-02-27 08:55:10.389978+00
264	0.00	t	2012-02-27 11:52:40.391134+00
194	0.00	t	2012-01-15 15:42:44.356067+00
293	0.00	t	2012-03-24 18:23:52.536473+00
265	0.00	t	2012-03-01 02:18:02.718585+00
266	0.00	t	2012-03-01 19:19:22.203557+00
310	0.00	t	2012-04-12 15:41:51.41437+00
179	-1.00	t	2012-01-01 09:16:33.903126+00
303	0.00	t	2012-04-10 14:53:54.041074+00
221	0.00	t	2012-02-18 15:40:17.431783+00
294	2.00	t	2012-03-24 23:34:45.599491+00
295	0.00	t	2012-03-26 07:17:38.21747+00
296	0.00	t	2012-03-29 16:43:53.385685+00
287	1.00	t	2012-03-22 17:44:48.048072+00
274	0.00	t	2012-03-08 02:39:14.688034+00
246	-0.50	t	2012-02-19 22:40:46.652416+00
276	0.00	t	2012-03-13 08:45:55.162751+00
278	0.00	t	2012-03-13 13:28:10.710695+00
279	0.00	t	2012-03-13 17:08:45.031902+00
280	0.00	t	2012-03-13 18:23:41.554652+00
281	0.00	t	2012-03-14 04:39:48.58116+00
282	0.00	t	2012-03-14 11:09:01.598924+00
283	0.00	t	2012-03-14 22:11:29.263733+00
225	0.95	t	2012-02-18 16:52:40.302614+00
277	-1.00	t	2012-03-13 12:11:03.931527+00
231	-999.00	t	2012-02-18 17:37:19.981984+00
284	0.00	t	2012-03-18 08:12:25.418227+00
168	-0.50	t	2011-12-28 23:40:00.390215+00
213	1.50	t	2012-02-14 06:52:42.09979+00
162	0.00	t	2011-12-27 21:05:27.131335+00
275	0.50	t	2012-03-08 19:13:47.258158+00
41	2.00	t	2011-11-08 08:36:16.093808+00
297	0.00	t	2012-04-04 16:19:13.70282+00
298	-3.00	t	2012-04-04 19:57:37.211117+00
312	0.00	t	2012-04-13 15:01:04.329346+00
299	-0.10	t	2012-04-05 03:21:54.296325+00
300	0.00	t	2012-04-06 05:25:49.726786+00
305	0.00	t	2012-04-11 06:22:18.612642+00
306	0.00	t	2012-04-11 06:32:23.280568+00
307	0.00	t	2012-04-11 07:01:55.641696+00
308	0.00	t	2012-04-11 07:03:28.977228+00
309	0.00	t	2012-04-11 07:04:09.447832+00
318	0.00	t	2012-04-24 07:54:11.111442+00
311	0.00	t	2012-04-13 05:59:51.200746+00
227	0.00	t	2012-02-18 17:00:09.982942+00
313	0.00	t	2012-04-16 00:59:50.168778+00
314	0.00	t	2012-04-17 03:40:39.775865+00
315	0.00	t	2012-04-17 05:53:19.859861+00
316	0.00	t	2012-04-17 06:02:27.705635+00
317	0.00	t	2012-04-17 06:03:31.495952+00
319	0.00	t	2012-04-24 07:55:01.136198+00
320	0.00	t	2012-04-24 07:55:43.50158+00
321	-2.00	t	2012-05-01 01:30:35.967869+00
322	0.00	t	2012-05-05 04:06:41.730156+00
323	0.00	t	2012-05-05 04:09:35.818869+00
324	0.00	t	2012-05-08 00:02:14.68674+00
325	0.00	t	2012-05-08 00:03:41.599867+00
326	0.00	t	2012-05-08 00:24:41.424698+00
285	0.00	t	2012-03-20 23:41:01.119055+00
183	-1.00	t	2012-01-03 04:38:31.448315+00
210	0.09	t	2012-02-07 19:35:02.895159+00
327	0.00	t	2012-05-08 00:41:02.340953+00
328	0.00	t	2012-05-08 00:45:03.147712+00
329	0.00	t	2012-05-08 15:08:33.88578+00
330	0.00	t	2012-05-08 17:12:11.167115+00
331	0.00	t	2012-05-08 18:41:27.056114+00
332	0.00	t	2012-05-10 19:06:23.936528+00
333	-1.00	t	2012-05-13 20:11:31.502328+00
337	0.00	t	2012-05-15 04:17:30.35117+00
338	0.00	t	2012-05-15 04:19:25.426796+00
339	0.00	t	2012-05-15 04:19:43.861573+00
340	0.00	t	2012-05-15 04:20:12.093716+00
341	0.00	t	2012-05-15 04:21:11.148504+00
342	0.00	t	2012-05-15 04:21:39.137363+00
343	0.00	t	2012-05-15 04:22:44.220444+00
344	0.00	t	2012-05-15 04:23:12.473901+00
345	0.00	t	2012-05-15 04:47:57.829942+00
346	0.00	t	2012-05-15 04:48:47.946062+00
335	-1.00	t	2012-05-15 02:57:43.784867+00
348	0.00	t	2012-05-16 18:20:14.944419+00
350	0.00	t	2012-05-17 01:34:30.687456+00
351	0.00	t	2012-05-17 07:46:05.189548+00
352	0.00	t	2012-05-17 08:10:18.257055+00
353	0.00	t	2012-05-18 02:12:01.594614+00
354	0.00	t	2012-05-18 02:12:40.574879+00
355	0.00	t	2012-05-18 02:13:10.996273+00
356	0.00	t	2012-05-18 02:14:40.169382+00
357	0.00	t	2012-05-18 02:14:55.447533+00
358	0.00	t	2012-05-19 16:31:56.483513+00
359	0.00	t	2012-05-19 18:26:21.229061+00
361	0.00	t	2012-05-19 18:29:48.565685+00
362	0.00	t	2012-05-19 18:30:21.504598+00
363	0.00	t	2012-05-19 18:31:06.152507+00
364	0.00	t	2012-05-19 18:32:31.746131+00
365	0.00	t	2012-05-19 18:33:04.01359+00
336	1.00	t	2012-05-15 04:16:56.37061+00
360	-1.00	t	2012-05-19 18:26:42.780004+00
334	-1.00	t	2012-05-14 22:46:26.796984+00
366	0.00	t	2012-05-22 14:07:44.953826+00
347	1.00	t	2012-05-16 18:16:26.412566+00
167	0.00	t	2011-12-28 20:52:55.855135+00
367	-1.00	t	2012-05-23 20:43:43.414562+00
368	0.00	t	2012-05-29 16:37:46.084029+00
369	0.00	t	2012-05-31 02:10:15.481347+00
431	0.00	t	2012-08-07 06:26:29.579385+00
370	0.00	t	2012-06-04 14:10:40.92007+00
371	0.00	t	2012-06-05 16:31:42.649176+00
372	0.00	t	2012-06-05 19:29:17.482607+00
373	1.00	t	2012-06-07 00:16:57.490428+00
432	0.00	t	2012-08-07 07:45:29.434143+00
375	0.00	t	2012-06-07 16:27:46.095747+00
376	1.00	t	2012-06-07 23:01:58.985928+00
378	0.00	t	2012-06-12 13:35:39.975936+00
349	-4.00	t	2012-05-16 20:41:46.022921+00
379	0.00	t	2012-06-25 10:01:51.103106+00
380	0.00	t	2012-06-25 10:02:39.203703+00
304	1.00	t	2012-04-11 04:36:12.941311+00
218	1336.10	t	2012-02-18 15:27:32.778529+00
248	1.00	t	2012-02-20 00:13:21.682006+00
254	0.10	t	2012-02-21 00:02:55.093872+00
433	0.00	t	2012-08-07 07:46:13.519146+00
381	0.00	t	2012-07-08 19:45:12.292897+00
434	0.00	t	2012-08-07 07:47:03.085203+00
383	-0.50	t	2012-07-09 20:14:58.939059+00
384	0.00	t	2012-07-09 20:24:56.232696+00
385	-3.00	t	2012-07-09 20:42:51.288348+00
386	0.00	t	2012-07-09 23:46:55.085957+00
387	0.00	t	2012-07-12 01:11:17.648889+00
388	0.00	t	2012-07-12 11:20:25.647095+00
389	0.00	t	2012-07-13 17:04:35.043877+00
390	0.00	t	2012-07-14 05:14:03.141753+00
391	0.00	t	2012-07-14 05:16:30.769918+00
392	0.00	t	2012-07-14 05:19:55.707635+00
393	0.00	t	2012-07-15 07:14:26.086483+00
394	0.00	t	2012-07-18 18:21:06.747647+00
395	-1.00	t	2012-07-18 19:04:10.148237+00
435	0.00	t	2012-08-07 07:48:46.447266+00
150	0.00	t	2011-12-21 21:09:41.593675+00
436	0.00	t	2012-08-07 07:49:50.377128+00
438	0.00	t	2012-08-07 07:52:43.480389+00
374	1.00	t	2012-06-07 03:40:15.834379+00
398	0.00	t	2012-07-23 03:10:55.001607+00
439	0.00	t	2012-08-07 10:05:26.031715+00
397	0.00	t	2012-07-23 02:56:45.754486+00
396	0.00	t	2012-07-23 02:33:34.607733+00
399	0.00	t	2012-07-23 03:18:47.817041+00
441	0.00	t	2012-08-07 10:30:52.039912+00
442	0.00	t	2012-08-07 10:33:05.084003+00
400	0.00	t	2012-07-23 09:23:21.02737+00
401	0.00	t	2012-07-23 10:01:07.572227+00
402	0.00	t	2012-07-23 11:05:39.237114+00
413	-2.00	t	2012-08-06 21:49:37.556721+00
403	0.00	t	2012-07-25 18:35:48.174227+00
404	0.00	t	2012-08-02 06:29:21.440733+00
157	0.00	t	2011-12-27 16:48:17.604118+00
405	0.00	t	2012-08-06 13:02:46.715208+00
407	0.00	t	2012-08-06 17:25:38.68888+00
408	0.00	t	2012-08-06 18:55:51.620974+00
412	0.00	t	2012-08-06 19:19:16.575206+00
414	0.00	t	2012-08-06 23:32:31.257755+00
468	-1.00	t	2012-08-07 16:45:35.558168+00
422	0.00	t	2012-08-07 02:59:41.520427+00
423	0.00	t	2012-08-07 03:17:29.523085+00
425	0.00	t	2012-08-07 03:34:52.854231+00
426	0.00	t	2012-08-07 03:45:11.127637+00
415	0.00	t	2012-08-06 23:33:24.23075+00
427	0.00	t	2012-08-07 05:50:01.159066+00
430	0.00	t	2012-08-07 06:20:13.104408+00
444	0.00	t	2012-08-07 10:37:23.03781+00
445	0.00	t	2012-08-07 10:40:53.506504+00
446	0.00	t	2012-08-07 10:41:46.612469+00
448	0.00	t	2012-08-07 13:29:18.588236+00
451	0.00	t	2012-08-07 13:53:30.930476+00
452	0.00	t	2012-08-07 13:53:43.958811+00
456	0.00	t	2012-08-07 14:39:26.695724+00
457	0.00	t	2012-08-07 14:55:43.381644+00
458	0.00	t	2012-08-07 15:00:58.789776+00
459	0.00	t	2012-08-07 15:08:05.347876+00
462	0.00	t	2012-08-07 15:10:59.110817+00
463	0.00	t	2012-08-07 15:58:59.548688+00
464	0.00	t	2012-08-07 15:59:54.593695+00
465	0.00	t	2012-08-07 16:42:49.404069+00
466	0.00	t	2012-08-07 16:43:22.407546+00
467	0.00	t	2012-08-07 16:44:49.028884+00
469	0.00	t	2012-08-07 16:47:31.106896+00
471	0.00	t	2012-08-07 17:05:31.366826+00
474	0.00	t	2012-08-07 17:07:30.038014+00
476	0.00	t	2012-08-07 17:08:46.275272+00
478	0.00	t	2012-08-07 17:11:29.24555+00
479	0.00	t	2012-08-07 17:11:54.091721+00
481	0.00	t	2012-08-07 17:12:41.431681+00
482	0.00	t	2012-08-07 17:13:12.092522+00
483	0.00	t	2012-08-07 17:13:31.176792+00
484	0.00	t	2012-08-07 17:14:17.777862+00
485	0.00	t	2012-08-07 17:21:36.155759+00
417	-1.00	t	2012-08-06 23:57:16.307813+00
447	1.00	t	2012-08-07 10:55:30.326541+00
416	-2.00	t	2012-08-06 23:34:59.933316+00
461	-2.00	t	2012-08-07 15:10:15.506682+00
453	0.00	t	2012-08-07 13:56:44.566467+00
460	0.00	t	2012-08-07 15:08:53.46516+00
419	2.00	t	2012-08-07 00:24:05.544403+00
410	-0.60	t	2012-08-06 19:02:32.469216+00
470	0.00	t	2012-08-07 16:48:07.164267+00
454	0.90	t	2012-08-07 14:04:30.347009+00
455	0.00	t	2012-08-07 14:09:17.79646+00
450	0.00	t	2012-08-07 13:52:17.807437+00
421	-2.00	t	2012-08-07 02:26:19.643864+00
406	-1.00	t	2012-08-06 17:21:53.171011+00
206	4.99	t	2012-02-07 17:19:02.629047+00
449	0.00	t	2012-08-07 13:36:25.627143+00
428	-0.47	t	2012-08-07 06:01:59.202661+00
488	0.00	t	2012-08-07 17:34:41.943365+00
490	0.00	t	2012-08-07 17:37:17.02532+00
492	0.00	t	2012-08-07 17:38:09.52573+00
493	0.00	t	2012-08-07 17:38:24.169431+00
494	0.00	t	2012-08-07 17:38:46.575468+00
495	0.00	t	2012-08-07 17:38:49.853178+00
498	0.00	t	2012-08-07 17:40:33.893593+00
499	0.00	t	2012-08-07 17:41:03.983418+00
500	0.00	t	2012-08-07 17:41:29.590654+00
501	0.00	t	2012-08-07 17:42:01.815204+00
502	0.00	t	2012-08-07 17:42:31.770415+00
504	0.00	t	2012-08-07 17:42:34.90713+00
506	0.00	t	2012-08-07 17:43:03.310422+00
507	0.00	t	2012-08-07 17:43:35.273259+00
509	0.00	t	2012-08-07 17:45:15.918315+00
510	0.00	t	2012-08-07 17:45:18.162374+00
511	0.00	t	2012-08-07 17:45:20.342011+00
513	0.00	t	2012-08-07 17:45:24.170207+00
515	-3.00	t	2012-08-07 17:51:48.060304+00
516	0.00	t	2012-08-07 17:51:57.657065+00
517	0.00	t	2012-08-07 17:57:08.77575+00
518	0.00	t	2012-08-07 18:08:42.960924+00
519	0.00	t	2012-08-07 18:42:48.293099+00
521	0.00	t	2012-08-07 19:19:47.010517+00
522	0.00	t	2012-08-07 19:20:39.492614+00
523	0.00	t	2012-08-07 19:21:32.812557+00
526	0.00	t	2012-08-07 20:59:27.859355+00
528	0.00	t	2012-08-07 21:04:35.655532+00
624	0.00	t	2012-08-09 14:18:40.862476+00
529	0.00	t	2012-08-07 21:06:28.080201+00
530	0.00	t	2012-08-07 21:16:29.673481+00
625	0.00	t	2012-08-09 14:32:49.433192+00
534	0.00	t	2012-08-07 22:35:20.306971+00
535	0.00	t	2012-08-07 22:35:30.104407+00
536	0.00	t	2012-08-07 22:42:16.163837+00
537	0.00	t	2012-08-07 22:48:42.737985+00
538	0.00	t	2012-08-07 22:55:11.50867+00
539	0.00	t	2012-08-07 23:02:05.838376+00
540	0.00	t	2012-08-07 23:19:13.901573+00
541	0.00	t	2012-08-07 23:26:52.90406+00
542	0.00	t	2012-08-07 23:27:58.755032+00
543	0.00	t	2012-08-07 23:28:03.402348+00
545	0.00	t	2012-08-07 23:45:55.862757+00
546	0.00	t	2012-08-08 00:05:42.700165+00
548	0.00	t	2012-08-08 00:10:51.351378+00
549	0.00	t	2012-08-08 00:12:33.08279+00
550	0.00	t	2012-08-08 00:13:58.872789+00
553	0.00	t	2012-08-08 00:20:42.312978+00
554	0.00	t	2012-08-08 00:24:20.519407+00
555	0.00	t	2012-08-08 00:24:53.810736+00
556	0.00	t	2012-08-08 00:26:36.147254+00
557	0.00	t	2012-08-08 00:28:51.729986+00
558	0.00	t	2012-08-08 00:30:34.632149+00
559	0.00	t	2012-08-08 00:33:08.769715+00
560	0.00	t	2012-08-08 00:36:54.090591+00
561	0.00	t	2012-08-08 00:39:33.78469+00
562	0.00	t	2012-08-08 00:41:32.894939+00
563	0.00	t	2012-08-08 00:44:14.642675+00
564	0.00	t	2012-08-08 00:45:38.418891+00
565	0.00	t	2012-08-08 00:46:47.755468+00
566	0.00	t	2012-08-08 00:47:44.022667+00
567	0.00	t	2012-08-08 00:48:45.20548+00
568	0.00	t	2012-08-08 00:52:54.625895+00
571	0.00	t	2012-08-08 02:21:43.189973+00
572	0.00	t	2012-08-08 02:27:57.23805+00
573	0.00	t	2012-08-08 02:35:21.431499+00
532	1.00	t	2012-08-07 21:34:54.81491+00
533	1.00	t	2012-08-07 21:41:56.672043+00
577	0.00	t	2012-08-08 11:20:15.367226+00
578	0.00	t	2012-08-08 11:45:08.13834+00
579	0.00	t	2012-08-08 12:11:58.20208+00
580	0.00	t	2012-08-08 12:16:36.313449+00
581	0.00	t	2012-08-08 12:42:43.712258+00
582	0.00	t	2012-08-08 13:03:26.693542+00
584	0.00	t	2012-08-08 14:12:41.946254+00
585	0.00	t	2012-08-08 14:30:19.843069+00
586	0.00	t	2012-08-08 14:34:16.265+00
587	0.00	t	2012-08-08 14:45:40.060596+00
588	0.00	t	2012-08-08 15:10:02.568171+00
589	0.00	t	2012-08-08 15:13:18.748972+00
590	0.00	t	2012-08-08 15:14:09.738331+00
591	0.00	t	2012-08-08 15:16:15.58525+00
592	0.00	t	2012-08-08 15:28:54.157998+00
593	0.00	t	2012-08-08 16:13:08.659564+00
626	0.00	t	2012-08-09 14:33:08.462987+00
627	0.00	t	2012-08-09 14:38:38.686924+00
595	0.00	t	2012-08-08 18:20:11.186521+00
596	0.00	t	2012-08-08 18:27:59.988921+00
597	0.00	t	2012-08-08 18:30:02.654207+00
598	0.00	t	2012-08-08 18:44:16.454146+00
599	0.00	t	2012-08-08 18:51:32.228808+00
600	0.00	t	2012-08-08 20:53:10.477621+00
514	0.00	t	2012-08-07 17:49:06.461952+00
601	-2.00	t	2012-08-09 01:54:57.597945+00
603	0.00	t	2012-08-09 06:31:45.294327+00
496	-0.10	t	2012-08-07 17:39:18.834563+00
491	0.00	t	2012-08-07 17:37:44.316711+00
607	0.00	t	2012-08-09 12:41:25.352277+00
609	0.00	t	2012-08-09 12:42:49.704316+00
613	0.00	t	2012-08-09 13:03:38.744896+00
614	0.00	t	2012-08-09 13:12:00.570648+00
615	0.00	t	2012-08-09 13:15:15.517339+00
616	0.00	t	2012-08-09 13:16:01.826391+00
617	0.00	t	2012-08-09 13:22:34.290232+00
618	0.00	t	2012-08-09 13:42:04.523711+00
619	0.00	t	2012-08-09 13:45:38.781907+00
620	0.00	t	2012-08-09 14:06:54.680544+00
621	0.00	t	2012-08-09 14:07:41.477683+00
622	0.00	t	2012-08-09 14:10:50.14996+00
623	0.00	t	2012-08-09 14:11:56.121253+00
628	0.00	t	2012-08-09 15:35:29.08967+00
630	0.00	t	2012-08-09 17:08:02.402627+00
633	0.00	t	2012-08-09 17:20:42.328233+00
636	0.00	t	2012-08-09 22:40:11.656817+00
637	0.00	t	2012-08-09 22:40:57.426082+00
638	0.00	t	2012-08-09 22:46:06.668031+00
639	0.00	t	2012-08-09 22:47:51.432651+00
641	0.00	t	2012-08-09 22:52:02.147083+00
642	0.00	t	2012-08-09 22:53:39.786836+00
643	0.00	t	2012-08-09 22:54:51.043765+00
644	0.00	t	2012-08-09 23:02:02.662235+00
645	0.00	t	2012-08-09 23:07:55.564647+00
576	1.00	t	2012-08-08 10:32:03.093902+00
551	-1.00	t	2012-08-08 00:15:50.558373+00
632	1.00	t	2012-08-09 17:18:42.460926+00
634	-1.00	t	2012-08-09 17:25:30.941797+00
544	-0.50	t	2012-08-07 23:42:58.708337+00
611	1.00	t	2012-08-09 12:58:16.718928+00
629	0.20	t	2012-08-09 17:06:25.955047+00
569	0.00	t	2012-08-08 01:31:13.425508+00
486	1.00	t	2012-08-07 17:23:17.743439+00
552	-0.10	t	2012-08-08 00:18:52.315442+00
497	0.00	t	2012-08-07 17:40:03.710355+00
547	2.00	t	2012-08-08 00:07:52.231131+00
512	0.10	t	2012-08-07 17:45:23.126817+00
631	1.00	t	2012-08-09 17:11:21.87757+00
612	0.50	t	2012-08-09 13:02:27.812915+00
575	-2.00	t	2012-08-08 03:36:43.559703+00
409	0.50	t	2012-08-06 18:59:24.596052+00
602	0.00	t	2012-08-09 06:21:53.937332+00
570	1.00	t	2012-08-08 01:32:12.990964+00
527	1.00	t	2012-08-07 20:59:49.115166+00
520	2.00	t	2012-08-07 19:18:59.54807+00
610	1.00	t	2012-08-09 12:48:53.343677+00
524	0.00	t	2012-08-07 20:22:14.993947+00
531	-0.50	t	2012-08-07 21:19:39.852736+00
411	0.00	t	2012-08-06 19:05:10.335824+00
604	1.00	t	2012-08-09 12:03:28.442346+00
605	1.00	t	2012-08-09 12:04:59.553783+00
583	1.00	t	2012-08-08 13:05:00.435547+00
475	0.00	t	2012-08-07 17:07:56.816027+00
647	0.00	t	2012-08-10 01:42:58.325185+00
757	0.00	t	2012-08-24 13:00:24.171841+00
758	0.00	t	2012-08-24 13:00:58.447213+00
648	0.00	t	2012-08-10 04:20:21.860653+00
649	0.00	t	2012-08-10 04:51:14.734897+00
650	0.00	t	2012-08-10 07:40:48.38445+00
651	0.00	t	2012-08-10 14:27:30.621832+00
652	0.00	t	2012-08-10 14:33:24.186034+00
653	0.00	t	2012-08-10 14:34:40.323896+00
654	0.00	t	2012-08-10 14:42:55.414199+00
655	0.00	t	2012-08-10 15:10:42.453699+00
759	0.00	t	2012-08-24 13:20:32.725871+00
503	0.00	t	2012-08-07 17:42:34.506538+00
760	0.00	t	2012-08-24 13:29:15.644935+00
761	0.00	t	2012-08-24 20:51:18.277804+00
724	0.00	t	2012-08-18 16:36:54.866425+00
656	0.00	t	2012-08-10 15:15:35.602252+00
659	0.00	t	2012-08-10 15:27:12.753317+00
660	0.00	t	2012-08-10 15:28:34.665008+00
738	1.00	t	2012-08-19 23:30:33.974118+00
487	-3.00	t	2012-08-07 17:34:29.820872+00
778	0.00	t	2012-08-28 15:59:33.806153+00
477	0.00	t	2012-08-07 17:09:44.900645+00
726	1.00	t	2012-08-18 16:56:45.871959+00
661	0.00	t	2012-08-10 15:58:58.956252+00
662	0.00	t	2012-08-10 16:37:57.796321+00
664	0.00	t	2012-08-11 01:07:34.909883+00
667	0.00	t	2012-08-11 05:41:05.538991+00
668	0.00	t	2012-08-11 10:49:11.606058+00
669	0.00	t	2012-08-11 16:49:18.26655+00
672	0.00	t	2012-08-11 17:12:51.808926+00
673	0.00	t	2012-08-11 17:16:38.864667+00
675	0.00	t	2012-08-11 20:52:11.966515+00
678	0.00	t	2012-08-12 01:27:35.744781+00
679	0.00	t	2012-08-12 01:32:18.947122+00
680	0.00	t	2012-08-12 01:32:44.43511+00
681	0.00	t	2012-08-12 01:34:19.556657+00
683	0.00	t	2012-08-12 01:36:48.516937+00
684	0.00	t	2012-08-12 01:38:21.056936+00
685	0.00	t	2012-08-12 01:39:19.301743+00
686	0.00	t	2012-08-12 01:41:00.333748+00
688	0.00	t	2012-08-12 01:43:14.605277+00
689	0.00	t	2012-08-12 01:44:57.394679+00
690	0.00	t	2012-08-12 01:46:42.863665+00
691	0.00	t	2012-08-12 01:48:00.706778+00
692	0.00	t	2012-08-12 01:49:28.704302+00
696	0.00	t	2012-08-12 01:58:07.072785+00
697	0.00	t	2012-08-12 02:00:30.767646+00
698	0.00	t	2012-08-12 02:01:58.013575+00
699	0.00	t	2012-08-12 07:54:44.779846+00
700	0.00	t	2012-08-12 07:55:52.723915+00
701	0.00	t	2012-08-12 07:56:43.181623+00
702	0.00	t	2012-08-12 12:28:30.565648+00
704	0.00	t	2012-08-12 18:05:08.98632+00
705	0.00	t	2012-08-12 18:05:29.699762+00
703	0.00	t	2012-08-12 13:16:14.551768+00
707	0.00	t	2012-08-13 21:09:34.576419+00
708	0.00	t	2012-08-13 21:10:54.724648+00
710	0.00	t	2012-08-14 02:45:33.552525+00
711	0.00	t	2012-08-14 13:14:13.164813+00
712	0.00	t	2012-08-14 13:14:28.182696+00
713	0.00	t	2012-08-14 13:14:42.792154+00
714	0.00	t	2012-08-14 13:22:33.687359+00
715	0.00	t	2012-08-14 13:24:10.143089+00
716	0.00	t	2012-08-14 16:29:38.855315+00
717	0.00	t	2012-08-14 19:29:09.762129+00
718	0.00	t	2012-08-14 21:45:21.722331+00
744	0.00	t	2012-08-20 10:54:55.424464+00
720	0.00	t	2012-08-15 13:47:48.977814+00
719	-2.00	t	2012-08-15 00:54:15.830354+00
682	-1.00	t	2012-08-12 01:35:19.396471+00
780	0.00	t	2012-08-28 18:31:45.172943+00
739	-1.00	t	2012-08-20 02:01:57.193837+00
676	0.00	t	2012-08-12 01:24:54.56603+00
781	-4.00	t	2012-08-28 20:43:45.863992+00
657	0.00	t	2012-08-10 15:21:48.147524+00
706	0.90	t	2012-08-13 11:11:24.520266+00
646	1.00	t	2012-08-10 00:15:14.882397+00
440	0.00	t	2012-08-07 10:07:42.201898+00
472	1.00	t	2012-08-07 17:07:06.724932+00
723	0.00	t	2012-08-18 13:37:56.04537+00
725	0.00	t	2012-08-18 16:54:38.759635+00
727	0.00	t	2012-08-18 20:40:14.33608+00
728	0.00	t	2012-08-19 15:55:54.357067+00
729	0.00	t	2012-08-19 15:57:58.569633+00
731	0.00	t	2012-08-19 16:00:37.109639+00
732	0.00	t	2012-08-19 16:02:04.525392+00
734	0.00	t	2012-08-19 16:46:37.232569+00
735	0.00	t	2012-08-19 16:50:06.413914+00
736	0.00	t	2012-08-19 16:51:49.547099+00
737	0.00	t	2012-08-19 17:12:44.390216+00
742	0.00	t	2012-08-20 05:22:11.61843+00
743	0.00	t	2012-08-20 08:41:54.73673+00
745	0.00	t	2012-08-20 10:55:11.300376+00
722	0.07	t	2012-08-18 04:58:36.848836+00
746	0.00	t	2012-08-21 13:00:21.630828+00
747	0.00	t	2012-08-21 13:06:20.76684+00
748	0.00	t	2012-08-21 13:09:14.539793+00
749	0.00	t	2012-08-21 13:27:33.918693+00
525	0.00	t	2012-08-07 20:55:23.257743+00
750	0.00	t	2012-08-21 16:45:30.176962+00
751	0.00	t	2012-08-21 18:01:18.960559+00
752	0.00	t	2012-08-21 22:17:17.041536+00
740	1.00	t	2012-08-20 02:44:59.875541+00
753	0.00	t	2012-08-24 08:46:27.132636+00
754	0.00	t	2012-08-24 12:49:55.459774+00
755	0.00	t	2012-08-24 12:51:20.381726+00
756	0.00	t	2012-08-24 12:54:51.154822+00
741	9.00	t	2012-08-20 03:18:16.555858+00
762	0.00	t	2012-08-25 10:20:52.416755+00
763	0.00	t	2012-08-25 11:18:41.94557+00
764	0.00	t	2012-08-26 09:55:27.484744+00
765	0.00	t	2012-08-26 10:11:59.143967+00
766	0.00	t	2012-08-26 10:13:09.889985+00
767	0.00	t	2012-08-26 10:45:25.587846+00
768	0.00	t	2012-08-26 15:44:57.321763+00
769	0.00	t	2012-08-26 15:48:59.386969+00
770	0.00	t	2012-08-26 16:04:34.059124+00
771	0.00	t	2012-08-26 16:08:43.255982+00
772	0.00	t	2012-08-26 20:19:13.633813+00
773	0.00	t	2012-08-26 20:27:00.111307+00
774	0.00	t	2012-08-26 20:27:27.340554+00
775	0.00	t	2012-08-26 23:45:36.370151+00
776	0.00	t	2012-08-27 13:58:08.382584+00
777	2.00	t	2012-08-28 15:41:11.898607+00
779	1.00	t	2012-08-28 17:49:32.390063+00
782	-1.00	t	2012-08-28 20:53:54.824789+00
783	0.00	t	2012-08-29 15:01:48.0628+00
784	0.00	t	2012-08-29 21:47:45.6062+00
785	0.00	t	2012-08-29 21:50:08.176415+00
786	0.00	t	2012-08-30 00:31:00.848634+00
787	0.00	t	2012-08-30 00:32:16.554789+00
788	-2.00	t	2012-08-30 23:19:21.570501+00
709	-2.00	t	2012-08-13 21:13:35.413133+00
665	3.00	t	2012-08-11 04:08:04.111012+00
721	-2.00	t	2012-08-15 16:59:03.962665+00
473	-0.73	t	2012-08-07 17:07:19.446192+00
658	-2.00	t	2012-08-10 15:24:18.355108+00
666	-1.00	t	2012-08-11 05:38:56.689109+00
663	-2.00	t	2012-08-11 00:30:26.442069+00
730	1.00	t	2012-08-19 16:00:05.51722+00
733	-1.00	t	2012-08-19 16:03:57.310182+00
670	-2.00	t	2012-08-11 16:51:08.773859+00
606	1.00	t	2012-08-09 12:06:37.441369+00
671	1.00	t	2012-08-11 16:52:48.660876+00
608	-1.00	t	2012-08-09 12:41:37.674008+00
480	3.00	t	2012-08-07 17:12:10.671795+00
674	0.00	t	2012-08-11 18:43:17.468923+00
418	3.00	t	2012-08-07 00:13:22.441639+00
677	1.00	t	2012-08-12 01:26:37.156381+00
594	-1.00	t	2012-08-08 18:16:38.55384+00
429	1.00	t	2012-08-07 06:18:21.524654+00
693	3.00	t	2012-08-12 01:52:31.64837+00
694	1.00	t	2012-08-12 01:55:37.710691+00
695	-1.00	t	2012-08-12 01:56:51.1406+00
508	1.00	t	2012-08-07 17:45:13.594091+00
574	5.00	t	2012-08-08 03:30:19.436501+00
640	-2.00	t	2012-08-09 22:50:16.534241+00
801	0.00	t	2012-09-01 14:06:01.57322+00
802	0.00	t	2012-09-01 14:06:23.869876+00
803	0.00	t	2012-09-01 18:14:06.88787+00
876	0.00	t	2013-03-17 17:54:41.842175+00
877	0.00	t	2013-03-17 17:56:58.745325+00
878	0.00	t	2013-03-17 18:07:21.159425+00
805	0.00	t	2012-09-03 03:09:14.29714+00
806	0.00	t	2012-09-03 15:36:29.520094+00
807	0.00	t	2012-09-04 01:35:17.567499+00
808	0.00	t	2012-09-04 01:35:49.64105+00
505	1.00	t	2012-08-07 17:42:59.122161+00
489	1.00	t	2012-08-07 17:34:59.041574+00
635	-2.00	t	2012-08-09 20:37:51.392583+00
880	0.00	t	2013-03-22 05:40:26.873177+00
881	0.00	t	2013-03-22 05:42:45.558977+00
800	5.00	t	2012-09-01 14:04:49.087541+00
882	0.00	t	2013-03-22 05:44:12.32352+00
810	0.00	t	2012-09-05 04:52:30.551628+00
811	-2.00	t	2012-09-06 01:38:04.647947+00
812	0.00	t	2012-09-06 15:38:51.506167+00
813	0.00	t	2012-09-06 15:43:55.137995+00
814	0.00	t	2012-09-08 16:34:41.196907+00
816	0.00	t	2012-09-08 16:37:21.874928+00
817	0.00	t	2012-09-08 16:38:43.545659+00
819	0.00	t	2012-09-09 21:09:36.071271+00
883	0.00	t	2013-03-26 23:34:19.972435+00
885	0.00	t	2013-03-31 13:57:50.710082+00
886	0.00	t	2013-04-03 05:39:50.78622+00
821	0.00	t	2012-09-12 16:07:46.672647+00
822	0.00	t	2012-09-14 04:39:08.096155+00
824	0.00	t	2012-09-19 17:55:26.840584+00
825	1.00	t	2012-09-19 19:31:51.80855+00
826	0.00	t	2012-09-19 20:24:21.197742+00
887	0.00	t	2013-04-04 23:20:11.687222+00
827	0.00	t	2012-09-22 00:23:20.861275+00
828	0.00	t	2012-09-22 00:24:58.003444+00
829	0.00	t	2012-09-22 00:25:32.37613+00
830	0.00	t	2012-09-26 00:50:51.31235+00
831	0.00	t	2012-09-26 21:36:36.390998+00
832	0.00	t	2012-09-30 19:41:22.268826+00
833	0.00	t	2012-09-30 20:12:17.321131+00
834	0.00	t	2012-10-01 03:38:56.56728+00
835	0.00	t	2012-10-01 03:50:47.470516+00
836	0.00	t	2012-10-01 06:11:18.72226+00
837	0.00	t	2012-10-01 06:17:12.156959+00
823	-1.00	t	2012-09-19 17:48:38.239173+00
839	0.00	t	2012-10-16 18:54:25.775174+00
889	0.00	t	2013-04-11 19:10:38.781122+00
841	0.00	t	2012-11-08 00:45:52.760228+00
842	0.00	t	2012-11-08 00:48:56.777616+00
843	0.00	t	2012-11-08 00:50:48.377522+00
844	-5.95	t	2012-11-30 23:47:36.128374+00
845	0.00	t	2012-12-05 19:29:46.065511+00
888	-0.20	t	2013-04-11 18:52:09.2412+00
890	0.00	t	2013-04-11 19:37:40.426106+00
891	0.00	t	2013-04-11 19:53:03.369621+00
820	0.00	t	2012-09-11 23:55:53.095039+00
804	1.00	t	2012-09-02 00:19:40.480217+00
847	0.00	t	2013-01-06 03:54:47.500116+00
848	0.00	t	2013-01-06 03:56:21.68899+00
849	0.00	t	2013-01-08 20:48:55.071145+00
850	0.00	t	2013-01-13 17:59:33.689343+00
851	0.00	t	2013-01-13 18:50:42.735013+00
852	6.00	t	2013-01-16 07:16:32.642984+00
853	0.00	t	2013-01-18 18:39:58.985682+00
854	0.00	t	2013-01-19 18:25:02.476012+00
856	0.00	t	2013-01-27 10:11:10.293487+00
857	0.00	t	2013-01-27 10:13:26.247939+00
892	0.00	t	2013-04-11 21:09:19.189456+00
914	0.00	t	2013-07-02 18:47:07.480487+00
858	0.00	t	2013-02-08 18:51:27.037829+00
859	-1.00	t	2013-02-10 20:58:45.548908+00
838	-31.00	t	2012-10-13 00:14:27.321591+00
809	-2.00	t	2012-09-04 23:40:30.27888+00
420	4.00	t	2012-08-07 01:35:08.072527+00
437	2.00	t	2012-08-07 07:51:27.198403+00
915	0.00	t	2013-07-06 02:26:33.8071+00
815	0.00	t	2012-09-08 16:35:36.524963+00
443	-0.40	t	2012-08-07 10:33:36.412875+00
917	0.00	t	2013-07-13 19:52:01.086889+00
840	-1.07	t	2012-10-25 04:21:06.243058+00
861	0.00	t	2013-02-19 13:41:46.918996+00
846	0.00	t	2012-12-12 20:10:17.423046+00
862	0.00	t	2013-03-08 18:00:36.667821+00
863	0.00	t	2013-03-08 18:02:32.379406+00
864	0.00	t	2013-03-08 18:03:23.723878+00
865	0.00	t	2013-03-08 18:09:13.054793+00
868	0.00	t	2013-03-08 18:20:13.324502+00
869	0.00	t	2013-03-08 18:26:11.604727+00
870	0.00	t	2013-03-08 18:29:25.086939+00
871	0.00	t	2013-03-17 13:41:16.694354+00
872	0.00	t	2013-03-17 16:34:27.087753+00
873	0.00	t	2013-03-17 17:04:51.86879+00
874	0.00	t	2013-03-17 17:12:49.239705+00
875	0.00	t	2013-03-17 17:50:48.200904+00
894	0.00	t	2013-04-18 00:31:15.058422+00
895	-1.00	t	2013-04-18 07:48:10.659066+00
918	0.00	t	2013-07-21 15:01:40.439325+00
897	0.00	t	2013-04-20 23:33:57.73767+00
898	0.00	t	2013-04-20 23:34:53.808199+00
899	0.00	t	2013-04-20 23:38:50.475517+00
900	0.00	t	2013-04-20 23:40:46.047913+00
901	0.00	t	2013-04-20 23:41:30.90415+00
860	0.00	t	2013-02-18 15:47:16.043836+00
818	0.00	t	2012-09-08 16:39:52.370929+00
687	-0.93	t	2012-08-12 01:41:42.24457+00
424	0.00	t	2012-08-07 03:19:29.319411+00
866	-0.22	t	2013-03-08 18:10:08.41806+00
855	-1.00	t	2013-01-21 21:14:04.589192+00
893	-3.83	t	2013-04-12 12:00:12.260515+00
902	0.00	t	2013-04-22 06:22:33.939409+00
903	-1.00	t	2013-04-26 17:34:09.909531+00
904	0.00	t	2013-04-26 22:44:34.553438+00
896	-7.00	t	2013-04-20 02:17:01.864426+00
906	60.00	t	2013-05-27 03:36:40.905865+00
907	0.00	t	2013-06-10 14:53:45.351547+00
908	0.00	t	2013-06-15 01:41:27.622276+00
909	1.00	t	2013-06-15 13:29:56.598679+00
910	0.00	t	2013-06-15 14:39:53.034665+00
911	0.00	t	2013-06-16 19:53:26.470163+00
919	-42.00	t	2013-07-23 19:59:27.102511+00
920	0.00	t	2013-09-22 08:59:47.029677+00
921	0.00	t	2013-09-27 14:17:06.404825+00
923	0.00	t	2013-09-27 14:47:44.003094+00
924	0.00	t	2013-10-07 22:13:33.162359+00
925	0.00	t	2013-10-09 04:40:06.449107+00
926	0.00	t	2013-10-09 04:49:50.415048+00
927	-1.00	t	2013-10-30 18:59:15.007334+00
930	0.00	t	2013-11-15 19:21:37.069785+00
931	0.00	t	2013-11-21 00:25:00.472446+00
932	0.00	t	2013-11-22 23:54:45.768076+00
933	0.00	t	2013-12-01 20:06:36.161834+00
934	0.00	t	2013-12-06 12:35:37.625508+00
935	0.00	t	2013-12-14 17:19:31.043714+00
936	0.00	t	2013-12-31 03:23:51.02275+00
937	0.00	t	2014-01-08 04:49:52.002493+00
938	0.00	t	2014-01-14 05:29:53.626386+00
939	0.00	t	2014-01-14 20:13:06.926607+00
940	0.00	t	2014-01-15 00:03:58.445907+00
941	0.00	t	2014-01-16 05:16:53.710603+00
942	0.00	t	2014-01-17 22:16:26.92391+00
944	0.00	t	2014-02-07 19:35:58.145693+00
946	0.00	t	2014-02-07 20:09:24.322422+00
947	0.00	t	2014-02-07 20:11:12.379933+00
945	0.00	t	2014-02-07 19:48:27.74023+00
943	0.00	t	2014-02-07 18:01:54.323359+00
948	0.00	t	2014-02-09 07:34:02.759834+00
949	0.00	t	2014-02-11 15:46:36.413197+00
950	0.00	t	2014-02-11 16:37:53.244727+00
951	0.00	t	2014-02-17 17:35:36.148197+00
952	-1.00	t	2014-02-18 00:41:01.086446+00
953	0.00	t	2014-02-20 14:26:06.887317+00
954	0.00	t	2014-03-02 23:41:58.446412+00
955	0.00	t	2014-03-02 23:42:39.42546+00
957	0.00	t	2014-03-02 23:44:05.032861+00
958	0.00	t	2014-03-02 23:44:45.312345+00
956	-5.00	t	2014-03-02 23:43:27.563975+00
959	0.00	t	2014-03-11 05:39:54.788936+00
960	0.00	t	2014-03-11 19:23:26.351115+00
961	0.00	t	2014-03-11 19:24:29.472588+00
962	0.00	t	2014-03-12 04:18:24.204421+00
963	0.00	t	2014-03-12 21:58:22.02924+00
964	0.00	t	2014-03-13 05:45:57.097227+00
965	0.00	t	2014-03-13 05:47:20.314375+00
966	0.00	t	2014-03-14 16:49:55.145943+00
967	0.00	t	2014-03-21 07:30:51.424835+00
968	0.00	t	2014-04-01 01:33:37.404279+00
969	0.00	t	2014-04-18 18:20:25.396102+00
970	0.00	t	2014-04-18 18:21:19.331409+00
971	0.00	t	2014-05-28 06:08:06.554245+00
972	-1.00	t	2014-06-02 04:07:26.511865+00
973	0.00	t	2014-06-09 05:39:56.112135+00
974	-0.20	t	2014-06-21 04:53:42.897471+00
975	0.00	t	2014-06-21 11:15:39.111846+00
976	0.00	t	2015-02-03 00:19:33.161863+00
178	0.00	t	2012-01-01 09:14:21.95681+00
879	2.00	t	2013-03-21 15:54:23.392964+00
913	1.00	t	2013-07-02 18:45:40.277065+00
867	-0.10	t	2013-03-08 18:11:17.913621+00
884	0.00	t	2013-03-28 09:01:10.129822+00
916	1.00	t	2013-07-06 14:49:56.329284+00
977	5.00	t	2015-08-15 16:43:33.015172+00
978	-1.00	t	2015-10-11 13:30:57.641674+00
1034	0.00	t	2016-11-17 20:13:48.598682+00
979	0.00	t	2015-10-11 19:46:59.751832+00
980	0.00	t	2015-10-12 11:41:57.876875+00
981	0.00	t	2016-03-26 09:21:53.533072+00
982	0.00	t	2016-04-05 04:13:55.265901+00
984	0.00	t	2016-05-02 17:48:52.841806+00
1014	0.00	t	2016-10-26 18:07:36.364503+00
986	0.00	t	2016-05-28 21:53:22.660972+00
987	0.00	t	2016-05-28 21:56:12.017338+00
1015	0.00	t	2016-10-26 18:10:42.125528+00
1035	0.00	t	2016-11-18 05:56:20.626431+00
994	8.90	t	2016-07-03 12:41:24.340137+00
1036	0.00	t	2016-11-19 03:03:05.547965+00
992	0.00	t	2016-06-14 20:48:14.020587+00
993	0.00	t	2016-06-17 02:42:58.623178+00
1043	-0.50	t	2016-11-24 00:41:57.941103+00
1037	0.00	t	2016-11-19 03:03:27.415947+00
1016	0.00	t	2016-10-31 23:59:31.361128+00
995	0.00	t	2016-08-20 04:33:25.250286+00
996	0.00	t	2016-08-20 04:38:48.313528+00
997	0.00	t	2016-08-22 22:54:11.629359+00
1038	0.00	t	2016-11-19 03:05:12.188492+00
1018	0.00	t	2016-11-04 21:25:26.190115+00
998	0.00	t	2016-09-28 02:55:58.48484+00
999	1.00	t	2016-09-28 02:57:08.613184+00
1000	0.00	t	2016-09-29 00:36:05.935597+00
1001	0.00	t	2016-09-29 01:32:25.156684+00
1003	0.00	t	2016-09-29 01:32:34.405193+00
1004	0.00	t	2016-09-29 01:34:30.431221+00
1005	0.00	t	2016-09-29 02:08:40.314327+00
1013	8.50	t	2016-10-22 20:05:48.849062+00
1006	0.00	t	2016-09-29 23:09:57.684235+00
132	-5.90	t	2011-12-06 21:11:17.960524+00
922	9.78	t	2013-09-27 14:38:48.997513+00
377	-1.00	t	2012-06-10 21:27:25.911948+00
912	1.22	t	2013-06-17 15:51:40.204506+00
172	-1.00	t	2011-12-31 20:44:38.133162+00
1007	0.00	t	2016-09-29 23:13:14.047221+00
1008	0.00	t	2016-09-29 23:14:14.223893+00
989	-0.25	t	2016-06-04 03:35:03.101031+00
1048	0.00	t	2016-11-29 01:50:51.478632+00
1039	0.00	t	2016-11-19 03:06:26.275664+00
1011	-1.00	t	2016-10-10 05:33:03.820225+00
1009	5.00	t	2016-10-09 04:25:34.464362+00
1071	3.00	t	2016-12-04 09:59:45.314551+00
1020	0.00	t	2016-11-09 08:43:00.395524+00
1021	0.00	t	2016-11-09 08:49:00.863819+00
1023	0.00	t	2016-11-10 00:05:23.475703+00
1024	0.00	t	2016-11-10 21:09:12.246876+00
1040	0.00	t	2016-11-20 00:32:08.613202+00
1041	0.00	t	2016-11-20 03:41:16.641857+00
1025	-2.00	t	2016-11-11 02:17:46.280761+00
1049	0.00	t	2016-12-01 21:55:18.633717+00
1050	0.00	t	2016-12-03 17:56:17.753566+00
1027	0.00	t	2016-11-12 00:03:20.786075+00
1028	0.00	t	2016-11-12 00:10:53.557498+00
1029	0.00	t	2016-11-12 01:43:28.290934+00
1030	0.00	t	2016-11-12 18:19:57.30169+00
1031	0.00	t	2016-11-15 21:07:32.155546+00
1019	4.00	t	2016-11-06 19:14:49.961181+00
1062	-1.00	t	2016-12-04 04:26:59.110652+00
1032	-25.00	t	2016-11-16 21:22:12.511848+00
1044	0.00	t	2016-11-24 00:44:24.50324+00
1051	0.00	t	2016-12-04 02:34:20.44479+00
1026	0.00	t	2016-11-11 23:42:06.606291+00
1045	5.00	t	2016-11-25 02:50:52.081147+00
1046	0.00	t	2016-11-29 01:03:50.123316+00
1070	0.00	t	2016-12-04 09:58:08.62276+00
1047	0.00	t	2016-11-29 01:29:55.680732+00
1052	0.00	t	2016-12-04 03:04:44.659851+00
1053	0.00	t	2016-12-04 03:55:24.108565+00
1055	0.00	t	2016-12-04 03:57:40.184702+00
1056	0.00	t	2016-12-04 03:58:15.620702+00
1057	0.00	t	2016-12-04 03:59:11.359864+00
1058	0.00	t	2016-12-04 04:01:10.046158+00
1059	0.00	t	2016-12-04 04:02:12.803458+00
1061	0.00	t	2016-12-04 04:22:04.516032+00
1063	0.00	t	2016-12-04 04:28:09.316936+00
1064	0.00	t	2016-12-04 04:28:58.466289+00
1066	0.00	t	2016-12-04 04:36:03.27974+00
1068	0.00	t	2016-12-04 06:29:33.566716+00
1069	0.00	t	2016-12-04 07:33:38.859164+00
983	0.00	t	2016-04-07 03:14:38.996236+00
928	-0.50	t	2013-11-05 04:52:47.415747+00
1072	-1.00	t	2016-12-04 10:01:32.489014+00
1017	53.16	t	2016-11-02 03:01:22.179953+00
1060	-3.00	t	2016-12-04 04:03:48.589292+00
1054	-1.50	t	2016-12-04 03:56:02.535278+00
991	21.00	t	2016-06-12 22:19:11.606715+00
1065	1.00	t	2016-12-04 04:30:50.403458+00
905	0.00	t	2013-05-11 00:47:27.385791+00
929	0.00	t	2013-11-05 04:58:13.169598+00
1033	-2.00	t	2016-11-17 17:44:28.979789+00
985	4.00	t	2016-05-28 21:37:10.129912+00
1073	0.00	t	2016-12-05 00:44:23.75777+00
1074	0.00	t	2016-12-05 00:46:21.879895+00
1075	0.00	t	2016-12-05 15:35:45.21493+00
1076	0.00	t	2016-12-05 15:53:49.089329+00
1077	0.00	t	2016-12-05 16:01:31.360279+00
1078	0.00	t	2016-12-05 16:46:06.204897+00
1079	0.00	t	2016-12-06 20:51:54.775828+00
1080	0.00	t	2016-12-06 20:55:21.17872+00
1081	0.00	t	2016-12-07 22:32:24.014772+00
1083	0.00	t	2016-12-07 22:59:28.1606+00
1084	0.00	t	2016-12-07 23:04:17.511128+00
1085	0.00	t	2016-12-07 23:06:56.750976+00
1086	0.00	t	2016-12-07 23:12:29.576386+00
1087	0.00	t	2016-12-07 23:14:58.829527+00
1088	0.00	t	2016-12-07 23:50:48.055458+00
1089	0.00	t	2016-12-08 00:58:44.357083+00
1090	0.00	t	2016-12-08 02:43:16.911064+00
1093	0.00	t	2016-12-10 02:53:48.70334+00
1095	0.00	t	2016-12-11 00:10:57.33604+00
1096	0.00	t	2016-12-11 01:34:54.755268+00
1097	0.00	t	2016-12-11 01:37:55.982426+00
1098	0.00	t	2016-12-14 04:05:28.632102+00
1099	0.00	t	2016-12-15 18:46:12.527072+00
1100	-1.00	t	2016-12-17 04:43:05.423567+00
1101	0.00	t	2016-12-17 04:44:53.958541+00
1082	-3.00	t	2016-12-07 22:51:50.005512+00
1102	0.00	t	2016-12-17 18:49:05.478803+00
1103	0.00	t	2016-12-19 06:14:59.936452+00
1104	0.00	t	2016-12-19 06:22:32.028865+00
1105	0.00	t	2016-12-19 15:20:38.954985+00
1106	0.00	t	2016-12-19 15:21:48.690548+00
1107	0.00	t	2016-12-19 20:21:34.121384+00
1108	0.00	t	2016-12-19 21:25:41.191884+00
1109	0.00	t	2016-12-19 21:29:26.232422+00
1022	4.33	t	2016-11-09 22:48:41.100397+00
1110	0.00	t	2016-12-20 21:08:43.090489+00
1111	0.00	t	2016-12-20 21:11:29.618247+00
1002	-0.33	t	2016-09-29 01:32:32.038392+00
1067	0.00	t	2016-12-04 06:21:47.801236+00
990	-1.83	t	2016-06-05 21:17:36.263747+00
1010	0.00	t	2016-10-10 05:30:27.56471+00
1091	-1.00	t	2016-12-08 02:45:21.600364+00
1012	0.00	t	2016-10-12 00:01:53.933961+00
1113	0.00	t	2016-12-23 00:56:45.960954+00
1114	-4.00	t	2016-12-25 18:29:26.350537+00
1115	0.00	t	2016-12-25 21:21:48.181493+00
1116	0.00	t	2016-12-26 21:46:22.478137+00
1117	0.00	t	2016-12-26 21:50:19.517309+00
1118	0.00	t	2016-12-26 21:51:56.656165+00
1119	0.00	t	2016-12-26 21:52:59.074827+00
1120	0.00	t	2016-12-27 21:55:04.667529+00
1121	2.00	t	2016-12-30 20:36:54.791217+00
1122	0.00	t	2016-12-30 20:42:40.223203+00
1123	0.00	t	2016-12-30 20:43:51.124564+00
1124	0.00	t	2016-12-30 20:44:29.84183+00
1125	0.00	t	2016-12-30 20:46:20.942185+00
1094	-3.00	t	2016-12-10 02:54:45.138951+00
1126	0.00	t	2017-01-02 23:48:10.210662+00
1127	0.00	t	2017-01-05 23:39:53.290215+00
1128	0.00	t	2017-01-05 23:48:24.738322+00
1129	0.00	t	2017-01-06 18:20:54.079132+00
1130	0.00	t	2017-01-06 19:10:16.894306+00
1131	0.00	t	2017-01-06 19:11:17.491311+00
1112	-3.00	t	2016-12-20 21:45:52.553269+00
1132	0.00	t	2017-01-07 18:28:20.525068+00
1133	0.00	t	2017-01-07 18:34:37.88429+00
1134	0.00	t	2017-01-07 20:40:49.616523+00
1135	0.00	t	2017-01-07 23:40:33.222711+00
1136	0.00	t	2017-01-07 23:42:25.895815+00
1137	0.00	t	2017-01-07 23:43:31.268345+00
1138	0.00	t	2017-01-07 23:44:52.525712+00
1139	0.00	t	2017-01-07 23:45:47.990916+00
1140	0.00	t	2017-01-07 23:46:48.765919+00
1141	0.00	t	2017-01-07 23:48:28.863753+00
988	1.68	t	2016-06-02 05:34:26.828711+00
1142	0.00	t	2017-01-15 01:01:47.04907+00
1092	-0.50	t	2016-12-08 16:53:57.729607+00
1143	0.00	t	2017-01-15 07:20:26.025113+00
1144	0.00	t	2017-01-16 05:00:42.134743+00
1145	0.00	t	2017-01-16 09:00:37.06894+00
1146	0.00	t	2017-01-16 18:24:47.901978+00
1147	0.00	t	2017-01-16 23:39:14.471669+00
1148	0.00	t	2017-01-16 23:42:25.24294+00
1149	2.00	t	2017-01-17 01:23:45.316764+00
1150	0.00	t	2017-01-18 02:28:33.271008+00
1151	0.00	t	2017-01-18 19:23:21.861634+00
1152	0.00	t	2017-01-18 20:15:10.121402+00
1153	0.00	t	2017-01-19 04:35:16.402839+00
1154	0.00	t	2017-01-19 23:27:59.798518+00
1155	0.00	t	2017-01-19 23:29:28.978962+00
1156	0.00	t	2017-01-19 23:34:11.956523+00
1157	0.00	t	2017-01-19 23:37:35.794156+00
1158	0.00	t	2017-01-19 23:41:09.889055+00
1159	0.00	t	2017-01-19 23:42:44.294586+00
1160	0.00	t	2017-01-19 23:44:18.746383+00
1161	0.00	t	2017-01-19 23:46:42.516642+00
1162	0.00	t	2017-01-19 23:49:11.793923+00
1163	0.00	t	2017-01-20 00:02:28.802425+00
1164	0.00	t	2017-01-20 00:23:26.135959+00
1165	0.00	t	2017-01-20 00:26:33.455799+00
1166	0.00	t	2017-01-20 00:30:44.922066+00
1167	0.00	t	2017-01-20 00:32:12.679202+00
1168	0.00	t	2017-01-20 00:37:46.921672+00
1042	14.00	t	2016-11-24 00:26:48.221859+00
\.


--
-- Name: account_account_id_seq; Type: SEQUENCE SET; Schema: public; Owner: -
--

SELECT pg_catalog.setval('account_account_id_seq', 1168, true);


--
-- Data for Name: account_creditline; Type: TABLE DATA; Schema: public; Owner: -
--

COPY account_creditline (id, account_id, node_id, bal_mult, "limit") FROM stdin;
112	56	47	-1	3.00
86	43	34	-1	1.00
4	2	3	-1	2.00
3	2	1	1	2.00
75	38	11	1	1.00
85	43	33	1	1.00
87	44	1	1	0.00
8	4	3	-1	1.00
10	5	5	-1	2.00
9	5	1	1	2.00
12	6	2	-1	1.00
14	7	4	-1	1.00
16	8	3	-1	1.00
18	9	6	-1	2.00
19	10	1	1	0.00
11	6	5	1	1.00
17	9	1	1	2.00
88	44	35	-1	2.00
1	1	1	1	5.00
23	12	1	1	0.00
24	12	8	-1	2.00
25	13	1	1	0.00
26	13	9	-1	2.00
20	10	7	-1	2.00
27	14	1	1	0.00
28	14	10	-1	2.00
29	15	1	1	0.00
30	15	11	-1	2.00
32	16	12	-1	20.00
33	17	1	1	0.00
34	17	13	-1	2.00
31	16	1	1	20.00
36	18	14	-1	2.00
37	19	1	1	0.00
38	19	15	-1	2.00
39	20	1	1	0.00
40	20	16	-1	2.00
2	1	2	-1	5.00
42	21	15	-1	1.00
43	22	2	1	0.00
44	22	11	-1	1.00
45	23	2	1	0.00
46	23	9	-1	1.00
47	24	1	1	0.00
48	24	17	-1	2.00
49	25	1	1	0.00
50	25	18	-1	2.00
35	18	1	1	1.00
52	26	19	-1	2.00
53	27	1	1	0.00
54	27	20	-1	2.00
55	28	20	1	0.00
56	28	21	-1	2.00
57	29	1	1	0.00
58	29	22	-1	2.00
13	7	5	1	1.00
59	30	1	1	0.00
60	30	23	-1	2.00
61	31	1	1	0.00
62	31	24	-1	2.00
5	3	1	1	2.00
21	11	2	1	1.00
64	32	25	-1	2.00
22	11	4	-1	2.00
65	33	1	1	0.00
66	33	26	-1	2.00
67	34	2	1	0.00
68	34	27	-1	1.00
41	21	2	1	1.00
69	35	2	1	0.00
70	35	12	-1	10.00
71	36	2	1	0.00
6	3	4	-1	5.00
74	37	29	-1	2.00
76	38	25	-1	1.00
77	39	1	1	0.00
78	39	30	-1	2.00
79	40	1	1	0.00
80	40	31	-1	2.00
82	41	32	-1	2.00
83	42	1	1	0.00
84	42	33	-1	2.00
90	45	36	-1	2.00
51	26	1	1	2.00
92	46	37	-1	2.00
94	47	38	-1	2.00
93	47	1	1	1.00
95	48	30	1	0.00
96	48	39	-1	2.00
97	49	1	1	0.00
98	49	40	-1	2.00
99	50	1	1	0.00
100	50	41	-1	2.00
102	51	42	-1	2.00
101	51	8	1	1.00
103	52	1	1	0.00
104	52	43	-1	2.00
105	53	1	1	0.00
106	53	44	-1	2.00
108	54	45	-1	5.00
109	55	1	1	0.00
110	55	46	-1	5.00
111	56	32	1	0.00
91	46	1	1	10.00
114	57	48	-1	1.00
113	57	43	1	2.00
115	58	36	1	0.00
116	58	49	-1	1.00
117	59	32	1	0.00
120	60	51	-1	2.00
118	59	50	-1	1.00
119	60	1	1	0.00
121	61	1	1	0.00
122	61	52	-1	2.00
73	37	1	1	2.00
124	62	4	-1	1.00
125	63	1	1	0.00
126	63	53	-1	2.00
127	64	1	1	0.00
128	64	54	-1	2.00
129	65	1	1	0.00
130	65	55	-1	1.00
131	66	32	1	0.00
132	66	56	-1	1.00
133	67	1	1	0.00
134	67	57	-1	2.00
136	68	58	-1	1.00
151	76	1	1	0.00
135	68	32	1	1.00
137	69	32	1	1.00
139	70	45	1	0.00
142	71	61	-1	2.00
141	71	1	1	2.00
144	72	62	-1	1.00
63	32	1	1	2.00
145	73	61	1	4.00
148	74	62	-1	1.00
143	72	32	1	1.00
147	74	45	1	1.00
149	75	1	1	0.00
150	75	64	-1	2.00
138	69	59	-1	1.00
152	76	65	-1	2.00
153	77	29	1	0.00
7	4	2	1	1.00
15	8	5	1	1.00
72	36	28	-1	2.00
81	41	1	1	2.00
89	45	1	1	3.00
154	77	66	-1	1.00
156	78	25	-1	1.00
157	79	1	1	0.00
158	79	67	-1	2.00
159	80	1	1	0.00
160	80	68	-1	2.00
240	120	93	-1	1.00
163	82	1	1	0.00
164	82	70	-1	2.00
162	81	69	-1	2.00
165	83	13	1	0.00
166	83	7	-1	2.00
167	84	59	1	0.00
241	121	95	1	0.00
169	85	1	1	0.00
170	85	72	-1	2.00
171	86	1	1	0.00
172	86	73	-1	2.00
146	73	63	-1	4.00
174	87	74	-1	2.00
176	88	75	-1	2.00
302	151	1	-1	5.00
178	89	76	-1	1.00
179	90	1	1	0.00
180	90	77	-1	1.00
175	88	1	1	1.00
183	92	1	1	0.00
184	92	78	-1	2.00
186	93	76	-1	1.00
168	84	71	-1	1.00
187	94	32	1	0.00
188	94	79	-1	1.00
177	89	32	1	1.00
185	93	59	1	1.00
189	95	45	1	0.00
191	96	1	1	0.00
192	96	81	-1	1.00
193	97	1	1	0.00
194	97	82	-1	2.00
195	98	1	1	0.00
196	98	83	-1	2.00
197	99	1	1	0.00
198	99	84	-1	1.00
200	100	85	-1	1.00
199	100	32	1	1.00
201	101	32	1	0.00
202	101	71	-1	1.00
204	102	4	-1	1.00
205	103	3	1	0.00
206	103	7	-1	1.00
207	104	3	1	0.00
208	104	18	-1	2.00
209	105	3	1	0.00
210	105	14	-1	1.00
123	62	29	1	1.00
203	102	3	1	1.00
211	106	1	1	0.00
212	106	86	-1	2.00
213	107	86	1	0.00
214	107	3	-1	1.00
173	87	1	1	2.00
216	108	30	-1	1.00
215	108	87	1	2.00
217	109	1	1	0.00
218	109	88	-1	2.00
272	136	117	-1	1.00
219	110	1	1	0.00
220	110	89	-1	2.00
221	111	1	1	0.00
222	111	91	-1	2.00
223	112	32	1	0.00
224	112	90	-1	1.00
244	122	97	-1	1.00
226	113	92	-1	1.00
225	113	32	1	1.00
228	114	74	-1	2.00
230	115	73	-1	2.00
231	116	2	1	0.00
232	116	7	-1	2.00
233	117	2	1	0.00
234	117	23	-1	2.00
235	118	2	1	0.00
236	118	22	-1	2.00
237	119	2	1	0.00
238	119	13	-1	2.00
239	120	92	1	0.00
243	122	11	1	3.00
245	123	1	1	0.00
246	123	97	-1	2.00
229	115	2	1	2.00
247	124	98	1	0.00
248	124	90	-1	1.00
181	91	2	1	4.00
155	78	38	1	1.00
249	125	32	1	0.00
250	125	100	-1	1.00
251	126	32	1	0.00
252	126	103	-1	1.00
254	127	45	-1	1.00
182	91	25	-1	4.00
255	128	112	1	0.00
256	128	111	-1	1.00
258	129	32	-1	1.00
257	129	114	1	1.00
259	130	1	1	0.00
260	130	120	-1	2.00
261	131	38	1	0.00
262	131	121	-1	1.00
281	141	140	1	0.00
265	133	45	1	0.00
161	81	1	1	3.00
301	151	140	1	5.00
269	135	45	1	0.00
270	135	126	-1	1.00
271	136	32	1	0.00
282	141	141	-1	1.00
274	137	127	-1	1.00
227	114	2	1	1.00
276	138	128	-1	4.00
275	138	30	1	4.00
273	137	122	1	1.00
278	139	133	-1	1.00
277	139	122	1	1.00
283	142	140	1	0.00
284	142	143	-1	1.00
285	143	32	1	0.00
286	143	138	-1	1.00
287	144	144	1	0.00
288	144	145	-1	1.00
291	146	144	1	0.00
292	146	141	-1	1.00
289	145	144	1	2.00
293	147	32	1	0.00
295	148	140	1	0.00
296	148	147	-1	1.00
297	149	144	1	0.00
298	149	147	-1	1.00
290	145	140	-1	2.00
300	150	140	-1	1.00
299	150	151	1	1.00
294	147	148	-1	1.00
303	152	45	1	1.00
305	153	137	1	0.00
242	121	96	-1	3.00
264	132	45	-1	5.00
306	153	153	-1	5.00
307	154	140	1	0.00
308	154	154	-1	1.00
310	155	32	-1	2.00
311	156	37	1	0.00
312	156	46	-1	2.00
314	157	61	-1	2.00
316	158	45	-1	2.00
317	159	37	1	0.00
318	159	65	-1	1.00
319	160	37	1	0.00
320	160	151	-1	1.00
392	196	140	-1	1.00
321	161	37	1	0.00
304	152	61	-1	10.00
253	127	106	1	49.00
322	161	31	-1	2.00
324	162	140	-1	1.00
323	162	37	1	1.00
325	163	140	1	0.00
326	163	119	-1	1.00
267	134	45	1	2.00
327	164	140	1	0.00
328	164	125	-1	1.00
329	165	37	1	0.00
330	165	156	-1	2.00
391	196	197	1	2.00
343	172	122	1	1.00
393	197	32	1	0.00
332	166	75	-1	1.00
331	166	140	1	1.00
335	168	140	1	0.00
336	168	157	-1	2.00
338	169	158	-1	5.00
337	169	37	1	5.00
357	179	122	1	1.00
339	170	32	1	0.00
340	170	12	-1	5.00
341	171	144	1	0.00
342	171	157	-1	2.00
309	155	37	1	2.00
344	172	140	-1	1.00
345	173	122	1	0.00
346	173	166	-1	1.00
347	174	122	1	0.00
348	174	165	-1	1.00
349	175	122	1	0.00
350	175	164	-1	1.00
351	176	122	1	0.00
352	176	163	-1	1.00
353	177	122	1	0.00
354	177	161	-1	1.00
356	178	36	-1	1.00
358	179	61	-1	1.00
394	197	196	-1	1.00
361	181	122	1	0.00
362	181	170	-1	1.00
363	182	32	1	0.00
395	198	169	1	0.00
364	182	171	-1	1.00
368	184	172	-1	2.00
367	184	118	1	2.00
369	185	32	1	0.00
370	185	173	-1	1.00
371	186	1	1	0.00
372	186	174	-1	5.00
334	167	32	-1	3.00
374	187	176	-1	3.00
373	187	169	1	3.00
375	188	1	1	0.00
376	188	177	-1	2.00
377	189	140	1	0.00
378	189	182	-1	3.00
379	190	140	1	0.00
380	190	169	-1	2.00
381	191	183	1	0.00
382	191	166	-1	1.00
383	192	140	1	0.00
396	198	178	-1	1.00
384	192	190	-1	2.00
385	193	140	1	0.00
386	193	191	-1	1.00
388	194	45	-1	1.00
389	195	32	1	0.00
390	195	195	-1	1.00
400	200	200	-1	2.00
398	199	199	-1	1.00
401	201	140	1	1.00
397	199	140	1	1.00
403	202	209	1	0.00
432	216	12	-1	7.00
405	203	169	1	3.00
406	203	210	-1	4.00
407	204	140	1	0.00
408	204	213	-1	1.00
402	201	209	-1	1.00
410	205	215	-1	2.00
411	206	37	1	0.00
409	205	140	1	2.00
413	207	215	1	0.00
414	207	157	-1	2.00
415	208	215	1	0.00
416	208	216	-1	2.00
417	209	218	1	0.00
418	209	215	-1	1.00
419	210	218	1	0.00
420	210	144	-1	1.00
421	211	218	1	0.00
422	211	145	-1	1.00
423	212	140	1	0.00
424	212	227	-1	1.00
427	214	140	1	0.00
428	214	236	-1	1.00
430	215	243	-1	2.00
429	215	140	1	2.00
431	216	140	1	0.00
425	213	140	1	1.00
412	206	218	-1	5.00
435	218	247	1	5.00
433	217	245	1	1.00
434	217	246	-1	5.00
443	222	247	1	0.00
438	219	247	-1	2.00
439	220	246	1	0.00
440	220	140	-1	1.00
441	221	245	1	0.00
442	221	140	-1	1.00
437	219	246	1	3.00
436	218	245	-1	10.00
444	222	248	-1	2.00
445	223	246	1	0.00
446	223	248	-1	2.00
448	224	245	-1	1.00
449	225	249	1	0.00
450	225	140	-1	1.00
447	224	249	1	1.00
451	226	246	1	0.00
452	226	249	-1	1.00
453	227	249	1	0.00
454	227	218	-1	0.00
456	228	248	-1	3.00
458	229	250	-1	1.00
459	230	246	1	0.00
455	228	245	1	2.00
426	213	232	-1	3.00
365	183	144	1	1.00
399	200	37	1	2.00
333	167	140	1	1.00
313	157	37	1	2.00
355	178	122	1	2.00
460	230	250	-1	1.00
461	231	247	1	0.00
462	231	249	-1	0.00
463	232	247	1	0.00
464	232	250	-1	0.00
467	234	246	1	0.00
468	234	251	-1	2.00
466	233	245	-1	1.00
465	233	251	1	2.00
546	273	332	-1	1.00
471	236	245	1	1.00
472	236	252	-1	1.00
469	235	245	1	2.00
474	237	247	-1	1.00
470	235	253	-1	4.00
457	229	245	1	1.00
475	238	252	1	0.00
476	238	253	-1	1.00
473	237	252	1	1.00
477	239	247	1	0.00
315	158	37	1	3.00
478	239	253	-1	5.00
479	240	245	1	0.00
480	240	255	-1	1.00
481	241	245	1	0.00
482	241	254	-1	1.00
483	242	245	1	0.00
484	242	256	-1	1.00
485	243	245	1	0.00
486	243	257	-1	1.00
487	244	245	1	0.00
488	244	259	-1	1.00
489	245	140	1	0.00
490	245	260	-1	2.00
545	273	331	1	5.00
493	247	231	1	0.00
494	247	227	-1	2.00
495	248	37	1	0.00
496	248	245	-1	1.00
497	249	231	1	0.00
498	249	261	-1	1.00
499	250	140	1	0.00
500	250	261	-1	1.00
501	251	122	1	0.00
502	251	245	-1	1.00
503	252	245	1	0.00
504	252	263	-1	1.00
505	253	245	1	0.00
506	253	262	-1	1.00
507	254	36	1	0.00
508	254	247	-1	1.00
509	255	36	1	0.00
511	256	140	1	0.00
512	256	264	-1	1.00
513	257	231	1	0.00
514	257	262	-1	2.00
548	274	335	-1	1.00
547	274	293	1	1.00
492	246	231	-1	3.00
517	259	1	1	0.00
518	259	267	-1	2.00
516	258	265	-1	2.00
515	258	140	1	2.00
491	246	140	1	2.00
519	260	278	1	0.00
520	260	12	-1	0.00
521	261	286	1	0.00
522	261	285	-1	2.00
524	262	289	-1	1.00
526	263	279	-1	1.00
527	264	285	1	0.00
528	264	294	-1	1.00
523	262	285	1	1.00
530	265	293	-1	2.00
532	266	319	-1	1.00
529	265	300	1	2.00
531	266	314	1	1.00
533	267	140	1	0.00
534	267	321	-1	1.00
536	268	323	-1	1.00
535	268	317	1	1.00
538	269	325	-1	2.00
537	269	32	1	2.00
539	270	140	1	0.00
540	270	326	-1	2.00
541	271	140	1	0.00
542	271	316	-1	2.00
544	272	140	-1	2.00
543	272	329	1	3.00
571	286	360	1	3.00
550	275	140	-1	2.00
549	275	336	1	1.00
552	276	340	-1	1.00
554	277	140	-1	1.00
555	278	337	1	0.00
573	287	32	1	0.00
556	278	336	-1	5.00
553	277	337	1	1.00
557	279	337	1	0.00
558	279	344	-1	2.00
559	280	337	1	0.00
574	287	337	-1	1.00
560	280	1	-1	2.00
551	276	140	1	1.00
562	281	144	-1	1.00
564	282	343	-1	1.00
563	282	32	1	1.00
561	281	340	1	2.00
566	283	140	-1	1.00
565	283	348	1	3.00
567	284	337	1	0.00
568	284	352	-1	2.00
570	285	140	-1	1.00
569	285	356	1	3.00
572	286	140	-1	1.00
576	288	140	-1	1.00
575	288	361	1	3.00
578	289	362	-1	1.00
577	289	350	1	1.00
579	290	362	1	0.00
580	290	363	-1	1.00
582	291	364	-1	1.00
581	291	362	1	1.00
583	292	361	1	0.00
584	292	1	-1	3.00
586	293	133	-1	1.00
585	293	365	1	1.00
587	294	25	1	0.00
588	294	140	-1	2.00
525	263	32	1	1.00
590	295	37	-1	1.00
589	295	365	1	1.00
591	296	368	1	0.00
592	296	369	-1	1.00
366	183	37	-1	1.00
593	297	37	1	0.00
594	297	279	-1	1.00
595	298	372	1	0.00
596	298	359	-1	5.00
597	299	37	1	0.00
599	300	140	1	0.00
598	299	372	-1	5.00
600	300	372	-1	2.00
602	301	350	-1	1.00
603	302	95	1	0.00
604	302	362	-1	1.00
601	301	95	1	1.00
606	303	377	-1	5.00
605	303	376	1	5.00
607	304	140	1	0.00
608	304	378	-1	3.00
510	255	31	-1	3.00
610	305	379	-1	1.00
609	305	377	1	1.00
612	306	376	-1	5.00
614	307	380	-1	5.00
613	307	376	1	5.00
616	308	379	-1	1.00
618	309	377	-1	1.00
615	308	380	1	1.00
617	309	380	1	1.00
611	306	379	1	5.00
620	310	382	-1	3.00
677	339	418	1	1.00
619	310	140	1	3.00
622	311	360	-1	3.00
624	312	32	-1	1.00
689	345	412	1	1.00
693	347	140	1	0.00
623	312	383	1	2.00
625	313	37	1	0.00
626	313	384	-1	1.00
627	314	378	1	0.00
628	314	336	-1	1.00
630	315	140	-1	2.00
629	315	386	1	5.00
631	316	387	1	0.00
632	316	386	-1	2.00
634	317	140	-1	2.00
633	317	387	1	5.00
621	311	378	1	3.00
635	318	392	1	0.00
636	318	393	-1	1.00
637	319	393	1	0.00
638	319	394	-1	1.00
639	320	394	1	0.00
640	320	395	-1	1.00
694	347	427	-1	3.00
642	321	140	-1	2.00
641	321	401	1	3.00
643	322	36	1	0.00
644	322	403	-1	2.00
645	323	403	1	0.00
646	323	1	-1	1.00
648	324	406	-1	1.00
650	325	408	-1	1.00
649	325	406	1	1.00
652	326	409	-1	1.00
647	324	409	1	1.00
654	327	410	-1	1.00
651	326	408	1	1.00
653	327	406	1	1.00
655	328	408	1	0.00
656	328	411	-1	1.00
657	329	413	1	0.00
658	329	414	-1	1.00
660	330	412	-1	1.00
661	331	406	1	0.00
662	331	411	-1	3.00
664	332	140	-1	2.00
663	332	415	1	3.00
666	333	140	-1	0.00
665	333	422	1	2.00
667	334	406	1	0.00
668	334	423	-1	1.00
670	335	424	-1	1.00
671	336	418	1	0.00
672	336	406	-1	1.00
674	337	424	-1	1.00
675	338	418	1	0.00
676	338	423	-1	1.00
678	339	419	-1	1.00
680	340	412	-1	1.00
681	341	418	1	0.00
682	341	408	-1	1.00
683	342	418	1	0.00
684	342	409	-1	1.00
685	343	418	1	0.00
686	343	411	-1	1.00
688	344	410	-1	1.00
679	340	418	1	1.00
659	330	406	1	1.00
690	345	419	-1	1.00
691	346	412	1	0.00
692	346	409	-1	1.00
687	344	418	1	1.00
695	348	140	1	0.00
696	348	426	-1	4.00
698	349	412	-1	1.00
697	349	429	1	1.00
700	350	140	-1	1.00
699	350	431	1	3.00
702	351	425	-1	1.00
703	352	32	1	0.00
704	352	404	-1	1.00
706	353	429	-1	1.00
707	354	419	1	0.00
708	354	423	-1	1.00
710	355	424	-1	1.00
711	356	419	1	0.00
712	356	408	-1	1.00
714	357	406	-1	1.00
701	351	32	1	1.00
715	358	425	1	0.00
705	353	419	1	1.00
709	355	419	1	1.00
669	335	406	1	1.00
717	359	424	1	0.00
718	359	409	-1	1.00
719	360	424	1	0.00
720	360	428	-1	1.00
722	361	412	-1	1.00
723	362	424	1	0.00
724	362	423	-1	1.00
725	363	424	1	0.00
726	363	410	-1	1.00
728	364	429	-1	1.00
729	365	424	1	0.00
730	365	408	-1	1.00
673	337	418	1	1.00
721	361	424	1	1.00
732	366	436	-1	3.00
731	366	425	1	3.00
716	358	434	-1	1.00
713	357	419	1	1.00
734	367	140	-1	2.00
733	367	438	1	3.00
735	368	1	1	0.00
736	368	442	-1	2.00
727	364	424	1	1.00
737	369	429	1	0.00
738	369	411	-1	1.00
740	370	447	-1	5.00
739	370	445	1	5.00
742	371	436	-1	2.00
741	371	446	1	2.00
743	372	425	1	0.00
744	372	448	-1	3.00
746	373	449	-1	1.00
745	373	36	1	1.00
748	374	450	-1	2.00
747	374	449	1	9.00
750	375	452	-1	5.00
749	375	451	1	5.00
752	376	140	-1	4.00
751	376	453	1	5.00
754	377	32	-1	1.00
753	377	133	1	1.00
756	378	98	-1	1.00
758	379	459	-1	2.00
757	379	32	1	1.00
759	380	459	1	0.00
760	380	196	-1	1.00
761	381	460	1	0.00
762	381	464	-1	1.00
836	418	518	-1	3.00
872	436	517	-1	2.00
766	383	140	-1	2.00
765	383	468	1	3.00
768	384	140	-1	1.00
767	384	469	1	2.00
770	385	140	-1	2.00
769	385	470	1	5.00
771	386	412	1	0.00
772	386	471	-1	1.00
773	387	476	1	0.00
774	387	477	-1	1.00
776	388	480	-1	1.00
775	388	479	1	1.00
777	389	32	1	0.00
778	389	480	-1	1.00
779	390	406	1	0.00
780	390	476	-1	2.00
782	391	472	-1	2.00
783	392	406	1	0.00
784	392	471	-1	2.00
785	393	37	1	0.00
786	393	482	-1	10.00
788	394	485	-1	1.00
789	395	140	1	0.00
790	395	482	-1	5.00
792	396	489	-1	1.00
791	396	488	1	1.00
793	397	490	1	1.00
794	397	489	-1	1.00
796	398	488	-1	1.00
795	398	490	1	1.00
797	399	472	1	0.00
798	399	491	-1	1.00
799	400	493	1	0.00
800	400	492	-1	1.00
801	401	489	1	0.00
838	419	518	-1	2.00
840	420	519	-1	4.00
803	402	489	1	0.00
802	401	493	-1	1.00
787	394	484	1	1.00
804	402	492	-1	1.00
842	421	520	-1	2.00
808	404	501	-1	5.00
781	391	406	1	1.00
805	403	140	1	0.00
806	403	496	-1	3.00
807	404	1	1	0.00
810	405	504	-1	1.00
809	405	502	1	1.00
812	406	507	-1	1.00
814	407	508	-1	1.00
811	406	502	1	1.00
844	422	502	-1	1.00
835	418	508	1	3.00
813	407	502	1	1.00
837	419	509	1	2.00
899	450	508	1	2.00
824	412	507	-1	1.00
819	410	509	1	1.00
816	408	507	-1	5.00
818	409	502	-1	3.00
820	410	504	-1	2.00
822	411	508	-1	2.00
871	436	502	1	1.00
826	413	510	-1	2.00
828	414	514	-1	2.00
830	415	512	-1	2.00
832	416	515	-1	2.00
829	415	509	1	1.00
831	416	509	1	2.00
834	417	517	-1	2.00
841	421	509	1	2.00
827	414	509	1	1.00
846	423	507	-1	1.00
848	424	519	-1	10.00
815	408	509	1	1.00
850	425	517	-1	1.00
839	420	509	1	5.00
845	423	512	1	1.00
851	426	519	1	0.00
852	426	507	-1	1.00
823	412	508	1	1.00
853	427	521	1	0.00
854	427	507	-1	1.00
856	428	521	-1	3.00
821	411	509	1	2.00
858	429	519	-1	1.00
860	430	508	-1	2.00
862	431	522	-1	2.00
864	432	510	-1	1.00
865	433	502	1	0.00
866	433	514	-1	1.00
867	434	502	1	0.00
868	434	516	-1	1.00
870	435	515	-1	2.00
874	437	518	-1	2.00
876	438	523	-1	2.00
843	422	512	1	1.00
875	438	502	1	2.00
878	439	523	-1	1.00
880	440	509	-1	1.00
877	439	524	1	1.00
882	441	525	-1	3.00
884	442	502	-1	1.00
886	443	509	-1	3.00
888	444	508	-1	1.00
881	441	523	1	3.00
905	453	508	1	1.00
891	446	525	1	0.00
892	446	507	-1	1.00
894	447	526	-1	2.00
889	445	525	1	2.00
883	442	525	1	1.00
893	447	523	1	2.00
857	429	521	1	1.00
896	448	509	-1	3.00
898	449	527	-1	1.00
859	430	521	1	1.00
900	450	527	-1	1.00
887	444	525	1	1.00
902	451	529	-1	3.00
904	452	523	-1	1.00
903	452	508	1	1.00
869	435	502	1	4.00
906	453	529	-1	1.00
908	454	502	-1	2.00
897	449	523	1	1.00
861	431	509	1	2.00
895	448	523	1	3.00
879	440	524	1	2.00
885	443	525	1	3.00
909	455	527	1	2.00
863	432	502	1	1.00
873	437	502	1	2.00
817	409	509	1	4.00
849	425	507	1	2.00
833	417	509	1	2.00
901	451	523	1	3.00
855	428	509	1	3.00
847	424	518	1	10.00
907	454	527	1	2.00
911	456	502	1	0.00
912	456	526	-1	1.00
1000	500	527	-1	1.00
915	458	522	1	0.00
918	459	528	-1	2.00
920	460	529	-1	2.00
922	461	530	-1	2.00
923	462	509	1	0.00
924	462	531	-1	2.00
913	457	522	1	2.00
926	463	530	-1	1.00
927	464	502	1	0.00
928	464	531	-1	2.00
825	413	509	1	2.00
914	457	502	-1	2.00
916	458	507	-1	2.00
930	465	529	-1	2.00
932	466	528	-1	1.00
933	467	502	1	0.00
934	467	524	-1	1.00
938	469	520	-1	3.00
939	470	502	1	0.00
940	470	519	-1	1.00
941	471	533	1	0.00
944	472	519	-1	1.00
946	473	532	-1	2.00
947	474	533	1	1.00
949	475	533	1	2.00
951	476	533	1	0.00
955	478	532	1	0.00
956	478	522	-1	1.00
958	479	530	-1	1.00
962	481	504	-1	1.00
964	482	529	-1	1.00
968	484	510	-1	1.00
925	463	502	1	2.00
921	461	509	1	2.00
969	485	532	1	0.00
952	476	507	-1	3.00
954	477	502	-1	3.00
950	475	509	-1	5.00
942	471	522	-1	3.00
970	485	524	-1	1.00
972	486	523	-1	1.00
967	484	533	1	1.00
917	459	509	1	1.00
965	483	533	1	1.00
974	487	534	-1	3.00
976	488	509	-1	1.00
975	488	534	1	5.00
977	489	533	1	0.00
973	487	518	1	3.00
959	480	533	1	1.00
979	490	533	1	0.00
1017	509	532	1	1.00
992	496	521	-1	1.00
993	497	533	1	0.00
994	497	524	-1	1.00
945	473	509	1	1.00
997	499	533	1	0.00
943	472	533	1	2.00
1004	502	534	-1	1.00
1006	503	533	-1	1.00
1010	505	527	-1	1.00
1012	506	530	-1	1.00
1013	507	533	1	0.00
1014	507	531	-1	1.00
984	492	517	-1	1.00
1015	508	532	1	0.00
1016	508	518	-1	1.00
1018	509	517	-1	1.00
1020	510	520	-1	1.00
1022	511	521	-1	1.00
1023	512	532	1	0.00
1024	512	519	-1	1.00
1026	513	525	-1	1.00
990	495	507	-1	1.00
919	460	509	1	2.00
1025	513	532	1	1.00
1028	514	534	-1	3.00
1030	515	37	-1	0.00
1031	516	519	1	0.00
1032	516	522	-1	2.00
890	445	504	-1	2.00
983	492	534	1	5.00
1033	517	519	1	0.00
1034	517	523	-1	5.00
1001	501	533	1	1.00
987	494	533	1	1.00
931	466	502	1	1.00
1035	518	528	1	0.00
1036	518	514	-1	1.00
971	486	532	1	1.00
981	491	533	1	1.00
1038	519	526	-1	2.00
957	479	532	1	1.00
1011	506	533	1	1.00
1029	515	506	1	3.00
1040	520	535	-1	2.00
1042	521	517	-1	1.00
1044	522	528	-1	1.00
1045	523	508	1	0.00
1046	523	534	-1	1.00
1041	521	508	1	2.00
1027	514	519	1	1.00
936	468	521	-1	1.00
1003	502	532	1	1.00
910	455	509	-1	4.00
1052	526	536	-1	1.00
1054	527	535	-1	1.00
1056	528	537	-1	2.00
1053	527	532	1	1.00
1055	528	532	1	2.00
961	481	533	1	1.00
1007	504	533	1	1.00
963	482	532	1	1.00
1043	522	508	1	1.00
995	498	533	1	1.00
1057	529	509	1	1.00
937	469	502	1	3.00
1019	510	532	1	2.00
953	477	533	1	2.00
1037	519	532	1	2.00
1051	526	532	1	1.00
1049	525	533	1	1.00
989	495	534	1	1.00
991	496	533	1	1.00
935	468	502	1	1.00
999	500	533	1	1.00
960	480	518	-1	3.00
1048	524	533	-1	5.00
1009	505	532	1	1.00
1058	529	536	-1	2.00
1059	530	502	1	0.00
1060	530	532	-1	1.00
1062	531	536	-1	1.00
1133	567	525	1	1.00
1064	532	526	-1	1.00
1066	533	523	-1	1.00
1068	534	538	-1	1.00
1137	569	527	1	1.00
1071	536	511	1	0.00
1072	536	524	-1	1.00
1073	537	511	1	0.00
1074	537	507	-1	1.00
1069	535	533	1	2.00
1067	534	533	1	1.00
1076	538	511	-1	2.00
1078	539	538	-1	2.00
1075	538	509	1	1.00
1077	539	509	1	1.00
1080	540	539	-1	2.00
1079	540	509	1	2.00
1082	541	521	-1	1.00
1083	542	539	1	0.00
1084	542	534	-1	1.00
1085	543	533	1	0.00
1086	543	511	-1	1.00
1090	545	502	-1	1.00
1092	546	512	-1	1.00
1186	593	507	-1	4.00
1096	548	521	-1	1.00
1097	549	525	1	0.00
1098	549	524	-1	1.00
1100	550	529	-1	1.00
1102	551	530	-1	1.00
1104	552	527	-1	1.00
1105	553	525	1	0.00
1106	553	531	-1	1.00
1107	554	525	1	0.00
1108	554	519	-1	1.00
1110	555	541	-1	3.00
1087	544	525	1	3.00
1112	556	520	-1	1.00
1114	557	510	-1	1.00
1115	558	525	1	0.00
1116	558	514	-1	1.00
1109	555	509	1	3.00
1118	559	515	-1	1.00
1120	560	517	-1	2.00
1122	561	522	-1	1.00
1099	550	525	1	1.00
1124	562	528	-1	1.00
1125	563	533	1	0.00
1128	564	535	-1	1.00
980	490	514	-1	3.00
998	499	523	-1	3.00
988	494	517	-1	3.00
982	491	512	-1	3.00
1008	504	529	-1	3.00
996	498	525	-1	3.00
1050	525	536	-1	3.00
1047	524	535	1	5.00
1070	535	539	-1	5.00
986	493	515	-1	5.00
1126	563	541	-1	3.00
1002	501	528	-1	5.00
1129	565	525	1	0.00
1130	565	511	-1	1.00
1132	566	538	-1	1.00
1134	567	536	-1	1.00
929	465	502	1	2.00
1135	568	525	1	0.00
1136	568	541	-1	1.00
1127	564	525	1	1.00
1123	562	525	1	1.00
1088	544	540	-1	8.00
1139	570	527	1	0.00
1103	552	525	1	1.00
1141	571	508	1	0.00
1142	571	541	-1	1.00
1144	572	508	-1	3.00
1131	566	525	1	1.00
1146	573	517	-1	1.00
1093	547	525	1	1.00
1061	531	508	1	1.00
1179	590	547	1	1.00
1150	575	509	-1	1.00
1143	572	516	1	1.00
1065	533	537	1	5.00
1111	556	525	1	2.00
1117	559	525	1	2.00
985	493	533	1	2.00
1063	532	537	1	2.00
1089	545	538	1	1.00
1152	576	543	-1	1.00
1154	577	525	-1	1.00
1156	578	541	-1	1.00
1153	577	534	1	3.00
1158	579	538	-1	1.00
1160	580	534	-1	1.00
1162	581	535	-1	1.00
1147	574	543	1	5.00
1101	551	525	1	1.00
1164	582	544	-1	1.00
1166	583	543	-1	1.00
1163	582	533	1	1.00
1168	584	544	-1	1.00
1170	585	544	-1	1.00
1167	584	525	1	1.00
1169	585	532	1	1.00
1172	586	539	-1	1.00
1173	587	532	1	0.00
1174	587	546	-1	2.00
1176	588	509	-1	1.00
1178	589	525	-1	1.00
1180	590	504	-1	1.00
1182	591	502	-1	1.00
1183	592	547	1	0.00
1184	592	540	-1	1.00
1185	593	535	1	0.00
1161	581	536	1	3.00
1138	569	536	-1	2.00
1181	591	547	1	2.00
1177	589	547	1	2.00
1155	578	534	1	1.00
1171	586	525	1	1.00
1119	560	525	1	2.00
1145	573	542	1	10.00
1157	579	536	1	1.00
1188	594	544	-1	2.00
1149	575	543	1	2.00
1189	595	502	1	0.00
1190	595	548	-1	3.00
1187	594	509	1	2.00
1191	596	522	1	0.00
1192	596	541	-1	2.00
1193	597	522	1	0.00
1194	597	534	-1	2.00
1121	561	525	1	1.00
1175	588	547	1	1.00
1195	598	509	1	0.00
1196	598	548	-1	2.00
1197	599	533	1	0.00
1198	599	548	-1	1.00
1095	548	525	1	1.00
1081	541	539	1	1.00
1021	511	532	1	1.00
1199	600	521	1	0.00
1200	600	534	-1	1.00
1113	557	525	1	1.00
1202	601	549	-1	3.00
1201	601	140	1	3.00
1091	546	525	1	1.00
1151	576	525	1	1.00
1165	583	533	1	1.00
1203	602	550	1	5.00
1159	580	536	1	1.00
1140	570	534	-1	2.00
1094	547	518	-1	2.00
1205	603	550	1	0.00
1206	603	507	-1	1.00
1148	574	518	-1	5.00
1208	604	508	-1	1.00
1209	605	551	1	0.00
1210	605	507	-1	1.00
1212	606	509	-1	1.00
1211	606	551	1	2.00
1213	607	536	1	0.00
1214	607	524	-1	1.00
1216	608	551	-1	1.00
1218	609	530	-1	1.00
1220	610	502	-1	1.00
1222	611	518	-1	1.00
1217	609	536	1	1.00
1223	612	536	1	0.00
1224	612	519	-1	1.00
1226	613	520	-1	1.00
1339	670	562	1	2.00
1228	614	504	-1	1.00
1229	615	536	1	0.00
1230	615	514	-1	1.00
1231	616	536	1	0.00
1232	616	512	-1	1.00
1234	617	515	-1	1.00
1236	618	517	-1	1.00
1238	619	521	-1	1.00
1207	604	551	1	1.00
1227	614	536	1	1.00
1239	620	553	1	0.00
1240	620	534	-1	1.00
1241	621	536	1	0.00
1242	621	522	-1	1.00
1243	622	536	1	0.00
1244	622	523	-1	1.00
1246	623	517	-1	1.00
1247	624	536	1	0.00
1248	624	528	-1	1.00
1245	623	553	1	1.00
1249	625	553	1	0.00
1250	625	540	-1	1.00
1351	676	529	1	1.00
1235	618	536	1	1.00
1253	627	536	1	0.00
1254	627	531	-1	1.00
1221	611	536	1	1.00
1255	628	536	1	0.00
1256	628	511	-1	1.00
1258	629	509	-1	1.00
1260	630	536	-1	1.00
1257	629	555	1	2.00
1261	631	555	1	0.00
1262	631	534	-1	1.00
1263	632	555	1	0.00
1264	632	518	-1	1.00
1266	633	553	-1	1.00
1268	634	530	-1	1.00
1267	634	555	1	1.00
1259	630	555	1	1.00
1237	619	536	1	1.00
1270	635	551	-1	1.00
1272	636	140	-1	1.00
1273	637	558	1	0.00
1274	637	512	-1	1.00
1276	638	517	-1	1.00
1278	639	508	-1	1.00
1281	641	533	1	0.00
1282	641	555	-1	1.00
1271	636	557	1	2.00
1283	642	533	1	0.00
1284	642	558	-1	1.00
1286	643	536	-1	1.00
1275	638	558	1	1.00
1287	644	558	1	0.00
1288	644	523	-1	1.00
1289	645	518	1	0.00
1290	645	558	-1	2.00
1277	639	558	1	1.00
1292	646	518	-1	1.00
1233	617	536	1	1.00
1293	647	502	1	0.00
1294	647	558	-1	3.00
1225	613	536	1	1.00
1291	646	524	1	1.00
1295	648	509	1	0.00
1296	648	558	-1	2.00
1297	649	550	1	0.00
1298	649	554	-1	3.00
1204	602	509	-1	4.00
1265	633	555	1	1.00
1299	650	521	1	0.00
1300	650	558	-1	2.00
1302	651	509	-1	1.00
1303	652	560	1	0.00
1304	652	507	-1	1.00
1306	653	502	-1	1.00
1307	654	560	1	0.00
1308	654	534	-1	1.00
1309	655	525	1	0.00
1310	655	548	-1	1.00
1311	656	533	1	0.00
1313	657	525	1	0.00
1314	657	550	-1	1.00
1316	658	551	-1	1.00
1317	659	525	1	0.00
1318	659	560	-1	1.00
1319	660	525	1	0.00
1320	660	558	-1	2.00
1321	661	508	1	0.00
1322	661	560	-1	1.00
1324	662	520	-1	1.00
1285	643	558	1	1.00
1323	662	527	1	1.00
1334	667	507	-1	2.00
1326	663	523	-1	3.00
1327	664	535	1	0.00
1328	664	560	-1	3.00
1329	665	535	1	0.00
1330	665	518	-1	3.00
1325	663	535	1	3.00
1332	666	551	-1	1.00
1333	667	527	1	0.00
1039	520	509	1	3.00
1305	653	560	1	1.00
1335	668	525	1	0.00
1336	668	561	-1	1.00
1251	626	536	1	1.00
1338	669	527	-1	1.00
1340	670	551	-1	1.00
1342	671	502	-1	1.00
1345	673	562	1	2.00
1343	672	525	1	0.00
1344	672	562	-1	2.00
1346	673	507	-1	2.00
1337	669	562	1	3.00
1347	674	508	1	0.00
1348	674	562	-1	1.00
1349	675	535	1	0.00
1341	671	562	1	3.00
1350	675	562	-1	3.00
1352	676	527	-1	1.00
1353	677	529	1	0.00
1252	626	529	-1	1.00
1219	610	536	1	3.00
1331	666	527	1	1.00
1315	658	525	1	2.00
1279	640	533	1	2.00
1215	608	544	1	1.00
1354	677	518	-1	1.00
1355	678	529	1	0.00
1356	678	519	-1	1.00
1358	679	520	-1	1.00
1359	680	529	1	0.00
1360	680	507	-1	1.00
1362	681	504	-1	1.00
1364	682	510	-1	1.00
1365	683	529	1	0.00
1366	683	514	-1	1.00
1367	684	529	1	0.00
1368	684	512	-1	1.00
1370	685	515	-1	1.00
1372	686	517	-1	1.00
1374	687	521	-1	1.00
1375	688	529	1	0.00
1376	688	522	-1	1.00
1377	689	529	1	0.00
1378	689	524	-1	1.00
1379	690	529	1	0.00
1380	690	528	-1	1.00
1382	691	530	-1	1.00
1383	692	529	1	0.00
1384	692	531	-1	1.00
1442	721	527	-1	2.00
1387	694	529	1	0.00
1388	694	543	-1	1.00
1390	695	551	-1	1.00
1391	696	529	1	0.00
1392	696	558	-1	1.00
1393	697	529	1	0.00
1394	697	560	-1	1.00
1395	698	529	1	0.00
1396	698	562	-1	1.00
1369	685	529	1	1.00
1385	693	529	1	3.00
1357	679	529	1	1.00
1373	687	529	1	1.00
1397	699	521	1	0.00
1398	699	562	-1	2.00
1399	700	558	1	0.00
1400	700	562	-1	2.00
1401	701	521	1	0.00
1402	701	560	-1	1.00
1403	702	558	1	0.00
1404	702	507	-1	4.00
1406	703	563	-1	5.00
1405	703	523	1	5.00
1407	704	509	1	0.00
1408	704	562	-1	3.00
1410	705	561	-1	2.00
1301	651	560	1	2.00
1361	681	529	1	1.00
1411	706	550	1	0.00
1412	706	518	-1	1.00
1371	686	529	1	1.00
1381	691	529	1	1.00
1413	707	519	1	0.00
1414	707	558	-1	2.00
1415	708	519	1	0.00
1416	708	562	-1	1.00
1418	709	551	-1	2.00
1386	693	535	-1	3.00
1419	710	140	1	0.00
1420	710	567	-1	3.00
1421	711	502	1	0.00
1422	711	555	-1	1.00
1423	712	502	1	0.00
1424	712	568	-1	2.00
1425	713	502	1	0.00
1426	713	566	-1	2.00
1280	640	551	-1	3.00
1427	714	525	1	0.00
1428	714	568	-1	2.00
1429	715	502	1	0.00
1430	715	561	-1	1.00
1432	716	529	-1	2.00
1433	717	521	1	0.00
1434	717	566	-1	1.00
1363	682	529	1	1.00
1435	718	140	1	0.00
1436	718	570	-1	3.00
1443	722	500	1	0.00
1438	719	569	-1	3.00
1431	716	555	1	1.00
1437	719	529	1	3.00
1440	720	569	-1	1.00
1439	720	527	1	1.00
1441	721	535	1	2.00
1444	722	529	-1	1.00
1445	723	553	1	0.00
1446	723	508	-1	1.00
1448	724	573	-1	2.00
1450	725	573	-1	1.00
1452	726	573	-1	1.00
1447	724	509	1	2.00
1449	725	527	1	1.00
1451	726	529	1	1.00
1454	727	508	-1	1.00
1456	728	502	-1	1.00
1457	729	576	1	0.00
1458	729	512	-1	1.00
1459	730	576	1	0.00
1460	730	523	-1	1.00
1461	731	508	1	0.00
1462	731	576	-1	1.00
1464	732	525	-1	1.00
1466	733	551	-1	1.00
1463	732	576	1	1.00
1467	734	525	1	0.00
1468	734	577	-1	2.00
1469	735	527	1	0.00
1470	735	576	-1	1.00
1472	736	573	-1	1.00
1473	737	535	1	0.00
1474	737	576	-1	3.00
1471	736	525	1	1.00
1475	738	578	1	0.00
1476	738	510	-1	5.00
1478	739	578	-1	1.00
1479	740	553	1	0.00
1480	740	562	-1	1.00
1481	741	140	1	2.00
1484	742	580	-1	7.00
1483	742	140	1	1.00
1455	728	576	1	1.00
1486	743	573	-1	2.00
1487	744	509	1	0.00
1488	744	578	-1	2.00
1489	745	509	1	0.00
1490	745	576	-1	2.00
1477	739	573	1	1.00
1485	743	502	1	2.00
1465	733	576	1	1.00
1417	709	519	1	2.00
1389	695	529	1	1.00
1269	635	521	1	2.00
1492	746	582	-1	12.00
1491	746	525	1	5.00
1493	747	582	1	0.00
1494	747	534	-1	1.00
1495	748	582	1	0.00
1496	748	547	-1	1.00
1497	749	521	1	0.00
1498	749	573	-1	1.00
1500	750	527	-1	4.00
1501	751	519	1	0.00
1502	751	566	-1	1.00
1503	752	558	1	0.00
1453	727	573	1	1.00
1409	705	509	1	1.00
1482	741	579	-1	11.00
1504	752	573	-1	2.00
1499	750	583	1	4.00
1506	753	586	-1	1.00
1508	754	534	-1	1.00
1509	755	587	1	0.00
1510	755	562	-1	1.00
1511	756	587	1	0.00
1512	756	507	-1	1.00
1514	757	587	-1	1.00
1516	758	509	-1	1.00
1513	757	525	1	1.00
1517	759	532	1	0.00
1518	759	587	-1	1.00
1519	760	508	1	0.00
1520	760	587	-1	1.00
1507	754	587	1	1.00
1515	758	587	1	2.00
755	378	32	1	1.00
1505	753	32	1	1.00
1521	761	573	1	0.00
1522	761	587	-1	1.00
1524	762	589	-1	5.00
1525	763	509	1	0.00
1526	763	589	-1	2.00
1593	802	587	-1	2.00
1528	764	582	-1	1.00
1523	762	525	1	5.00
1529	765	589	1	0.00
1530	765	540	-1	3.00
1531	766	589	1	0.00
1532	766	534	-1	3.00
1533	767	589	1	0.00
1534	767	504	-1	3.00
1594	803	407	1	0.00
1537	769	591	1	0.00
1570	785	604	-1	10.00
1595	803	169	-1	1.00
1541	771	591	1	2.00
1542	771	509	-1	1.00
1540	770	525	-1	1.00
1538	769	504	-1	1.00
1536	768	502	-1	1.00
1543	772	592	1	0.00
1544	772	245	-1	1.00
1545	773	592	1	0.00
1546	773	591	-1	1.00
1547	774	592	1	0.00
1548	774	577	-1	1.00
1539	770	591	1	2.00
1549	775	529	1	0.00
1550	775	591	-1	1.00
1551	776	525	1	0.00
1552	776	594	-1	2.00
1596	804	140	1	0.00
1554	777	509	-1	2.00
1553	777	37	1	2.00
1555	778	509	1	0.00
1556	778	594	-1	5.00
1535	768	591	1	1.00
1557	779	595	1	0.00
1558	779	597	-1	1.00
1559	780	597	1	0.00
1560	780	598	-1	1.00
1562	781	599	-1	1.00
1565	783	601	1	0.00
1566	783	602	-1	1.00
1568	784	603	-1	20.00
1641	826	402	-1	3.00
1567	784	140	1	3.00
1569	785	140	1	1.00
1572	786	605	-1	4.00
1573	787	140	1	0.00
1574	787	606	-1	4.00
1597	804	407	-1	5.00
1571	786	140	1	3.00
1575	788	140	1	0.00
1576	788	263	-1	0.00
1588	800	551	1	0.00
1589	800	518	-1	5.00
1590	801	551	1	0.00
1591	801	594	-1	2.00
1592	802	551	1	0.00
1598	805	608	1	0.00
1599	805	597	-1	1.00
1600	806	597	1	0.00
1601	806	609	-1	1.00
1602	807	599	1	0.00
1603	807	609	-1	1.00
1604	808	599	1	0.00
1605	808	608	-1	1.00
1564	782	598	-1	1.00
1561	781	597	1	1.00
1527	764	589	1	1.00
1608	810	550	1	0.00
1609	810	527	-1	1.00
1563	782	599	1	2.00
1610	811	539	1	0.00
1611	811	536	-1	0.00
1606	809	518	1	1.00
1612	812	608	1	0.00
1613	812	598	-1	1.00
1614	813	608	1	0.00
1615	813	609	-1	1.00
1607	809	500	-1	1.00
1616	814	503	1	5.00
1620	816	503	1	0.00
1621	816	61	-1	1.00
1622	817	503	1	0.00
1623	817	1	-1	1.00
1624	818	503	1	0.00
1633	822	402	-1	0.00
1626	819	586	1	0.00
1627	819	612	-1	1.00
1629	820	503	-1	0.00
1630	821	140	1	0.00
1631	821	615	-1	4.00
1619	815	37	-1	10.00
1618	815	503	1	10.00
1632	822	503	1	0.00
1625	818	122	-1	0.00
1635	823	621	-1	3.00
1634	823	140	1	3.00
1636	824	140	1	0.00
1637	824	618	-1	3.00
1639	825	140	-1	3.00
1638	825	622	1	3.00
1640	826	140	1	0.00
1643	827	623	-1	3.00
1645	828	140	-1	3.00
1647	829	623	-1	3.00
1644	828	624	1	3.00
1642	827	140	1	3.00
1646	829	624	1	3.00
1648	830	425	1	0.00
1649	830	627	-1	1.00
1650	831	140	1	0.00
1651	831	626	-1	3.00
1652	832	231	1	0.00
1653	832	629	-1	5.00
1654	833	140	1	0.00
1655	833	629	-1	3.00
1657	834	631	-1	2.00
1656	834	140	1	2.00
1658	835	631	1	0.00
1659	835	157	-1	2.00
1660	836	140	1	0.00
1661	836	106	-1	3.00
1663	837	632	-1	2.00
1664	838	500	1	0.00
1662	837	140	1	2.00
1617	814	32	-1	10.00
1747	879	693	-1	2.00
1667	839	642	-1	2.00
1666	839	140	1	3.00
1746	879	69	1	1.00
1671	841	509	-1	1.00
1672	842	649	1	0.00
1673	842	508	-1	1.00
1674	843	649	1	0.00
1675	843	541	-1	1.00
1670	841	649	1	2.00
1676	844	45	1	0.00
1798	905	140	1	1.00
1678	845	659	1	0.00
1679	845	1	-1	1.00
1628	820	45	1	10.00
1681	846	661	-1	4.00
1680	846	140	1	4.00
1749	880	69	-1	1.00
1665	838	460	-1	10.00
1682	847	407	1	0.00
1683	847	557	-1	1.00
1684	848	407	1	0.00
1685	848	661	-1	1.00
1686	849	32	1	0.00
1687	849	666	-1	2.00
1689	850	671	-1	2.00
1688	850	140	1	5.00
1691	851	672	-1	1.00
1690	851	671	1	1.00
1693	852	674	-1	6.00
1692	852	140	1	3.00
1694	853	45	1	0.00
1748	880	36	1	1.00
1697	854	675	-1	5.00
1696	854	532	1	5.00
404	202	12	-1	1.00
1700	856	500	1	0.00
1701	856	31	-1	1.00
1702	857	500	1	0.00
1703	857	32	-1	1.00
1705	858	36	-1	3.00
1704	858	503	1	3.00
1706	859	140	1	0.00
1707	859	680	-1	3.00
1750	881	36	1	0.00
1709	860	503	-1	10.00
1710	861	36	1	1.00
1712	862	36	1	0.00
1713	862	690	-1	1.00
1714	863	36	1	0.00
1715	863	686	-1	1.00
1716	864	36	1	0.00
1717	864	685	-1	1.00
1719	865	37	-1	1.00
1804	908	36	1	0.00
1724	868	36	1	0.00
1725	868	266	-1	1.00
1726	869	36	1	0.00
1727	869	669	-1	1.00
1728	870	36	1	0.00
1729	870	684	-1	1.00
1731	871	32	-1	2.00
1732	872	689	1	0.00
1733	872	325	-1	1.00
1735	873	32	-1	1.00
1737	874	691	-1	2.00
1736	874	689	1	2.00
1738	875	692	1	0.00
1739	875	32	-1	2.00
1741	876	691	-1	5.00
1742	877	692	1	0.00
1743	877	689	-1	2.00
1744	878	691	1	0.00
1745	878	325	-1	5.00
1740	876	692	1	5.00
1801	906	725	-1	750.00
1669	840	45	-1	6.00
1698	855	45	1	10.00
1720	866	36	1	5.00
1721	866	140	-1	5.00
1695	853	31	-1	33.00
1730	871	689	1	2.00
1734	873	691	1	1.00
1751	881	692	-1	1.00
1752	882	36	1	0.00
1753	882	691	-1	1.00
1711	861	32	-1	2.00
1754	883	36	1	0.00
1755	883	119	-1	1.00
1802	907	720	1	0.00
1759	885	696	-1	2.00
1758	885	36	1	1.00
1760	886	36	1	0.00
1761	886	699	-1	2.00
1762	887	140	1	0.00
1763	887	69	-1	2.00
1765	888	509	-1	1.00
1764	888	700	1	2.00
1766	889	700	1	0.00
1767	889	576	-1	1.00
1769	890	532	-1	1.00
1770	891	700	1	0.00
1771	891	675	-1	1.00
1773	892	700	-1	1.00
1768	890	700	1	1.00
1772	892	508	1	2.00
1774	893	532	1	5.00
1775	893	37	-1	5.00
1718	865	36	1	1.00
1776	894	36	1	0.00
1777	894	702	-1	1.00
1778	895	707	1	0.00
1779	895	509	-1	0.00
1781	896	140	-1	3.00
1782	897	709	1	2.00
1780	896	708	1	10.00
1783	897	509	-1	1.00
1785	898	502	-1	1.00
1786	899	709	1	0.00
1787	899	525	-1	1.00
1788	900	709	1	0.00
1789	900	507	-1	1.00
1790	901	709	1	0.00
1791	901	529	-1	1.00
1796	904	36	1	0.00
1792	902	550	1	0.00
1793	902	45	-1	1.00
1784	898	709	1	1.00
1794	903	45	1	0.00
1797	904	715	-1	2.00
1799	905	719	-1	3.00
1800	906	45	1	0.00
1757	884	45	-1	3.00
1803	907	69	-1	1.00
1805	908	725	-1	1.00
1807	909	722	-1	1.00
1806	909	36	1	1.00
1808	910	722	1	0.00
1809	910	69	-1	1.00
1811	911	32	-1	1.00
1812	912	36	1	0.00
1810	911	722	1	1.00
1708	860	500	1	0.00
1723	867	45	-1	4.00
1813	912	693	-1	2.00
1814	913	720	1	0.00
1815	913	693	-1	1.00
1817	914	36	-1	1.00
1816	914	720	1	1.00
1819	915	140	-1	1.00
1919	965	781	-1	2.00
1822	917	45	1	0.00
1910	961	140	1	2.00
1916	964	140	1	1.00
1824	918	722	1	0.00
1825	918	45	-1	1.00
1820	916	45	1	1.00
1827	919	355	-1	100.00
1826	919	730	1	100.00
1829	920	140	-1	2.00
1828	920	731	1	2.00
1818	915	720	1	2.00
1830	921	45	1	0.00
1832	922	45	1	0.00
1834	923	45	1	0.00
1920	966	140	1	0.00
1836	924	140	1	0.00
1837	924	729	-1	2.00
1839	925	735	-1	2.00
1838	925	140	1	5.00
1840	926	735	1	0.00
1841	926	729	-1	5.00
1843	927	738	-1	3.00
1842	927	140	1	3.00
1845	928	140	-1	2.00
1846	929	739	1	0.00
1847	929	719	-1	2.00
1848	930	719	1	0.00
1882	947	764	1	1.00
1849	930	738	-1	2.00
1850	931	122	1	0.00
1851	931	719	-1	1.00
1853	932	140	-1	1.00
1852	932	741	1	2.00
1921	966	782	-1	5.00
1855	933	140	-1	1.00
1854	933	743	1	3.00
1844	928	739	1	3.00
1857	934	532	-1	1.00
1856	934	745	1	5.00
1859	935	140	-1	1.00
1858	935	746	1	4.00
1879	945	763	-1	0.00
1883	947	765	-1	0.00
1860	936	45	1	0.00
1880	946	740	1	0.00
1878	945	764	1	0.00
1863	937	140	-1	3.00
1862	937	754	1	4.00
1865	938	740	-1	1.00
1864	938	755	1	1.00
1867	939	756	-1	1.00
1866	939	740	1	1.00
1869	940	757	-1	1.00
1868	940	740	1	1.00
1871	941	140	-1	1.00
1870	941	758	1	5.00
1872	942	757	1	0.00
1873	942	759	-1	1.00
1934	973	45	1	0.00
1874	943	740	1	2.00
1884	948	45	1	3.00
1923	967	45	-1	2.00
1908	960	140	1	2.00
1924	968	140	1	0.00
1881	946	765	-1	0.00
1925	968	785	-1	10.00
1887	949	762	-1	2.00
1877	944	764	-1	0.00
1936	974	45	1	0.00
1876	944	740	1	0.00
1875	943	763	-1	2.00
1888	950	740	1	0.00
1889	950	767	-1	2.00
1890	951	740	1	0.00
1891	951	768	-1	2.00
1892	952	770	1	0.00
1722	867	36	1	6.00
1861	936	750	-1	121.00
1756	884	69	1	2.00
1831	921	321	-1	7.00
1922	967	775	1	1.00
1935	973	794	-1	35.00
1885	948	140	-1	10.00
1835	923	30	-1	3.00
263	132	122	1	909.00
1893	952	653	-1	0.00
1886	949	740	1	2.00
1894	953	740	1	0.00
1895	953	766	-1	3.00
1896	954	773	1	0.00
1897	954	762	-1	1.00
1898	955	773	1	0.00
1899	955	768	-1	1.00
1901	956	740	-1	1.00
1902	957	773	1	0.00
1903	957	759	-1	1.00
1904	958	773	1	0.00
1905	958	757	-1	1.00
1900	956	773	1	5.00
1906	959	140	1	0.00
1907	959	774	-1	2.00
1909	960	776	-1	3.00
1911	961	775	-1	2.00
1912	962	140	1	0.00
1913	962	777	-1	2.00
1914	963	140	1	0.00
1917	964	780	-1	2.00
1915	963	779	-1	2.00
1918	965	140	1	0.00
1926	969	36	1	0.00
1927	969	784	-1	1.00
1928	970	36	1	0.00
1929	970	787	-1	1.00
1937	974	796	-1	0.00
1930	971	45	1	0.00
1932	972	793	1	0.00
1933	972	792	-1	3.00
1938	975	36	1	0.00
1939	975	796	-1	1.00
1952	982	140	1	0.00
1953	982	808	-1	7.00
1668	840	500	1	6.00
1955	983	809	-1	5.00
1968	990	813	1	3.00
1995	1003	821	-1	4.00
2015	1013	827	-1	9.00
1997	1004	812	-1	3.00
948	474	520	-1	3.00
966	483	508	-1	3.00
978	489	534	-1	3.00
1005	503	532	1	3.00
1312	656	560	-1	5.00
1956	984	533	1	0.00
1957	984	562	-1	3.00
1959	985	140	-1	5.00
1958	985	812	1	5.00
1960	986	812	1	0.00
1940	976	140	1	0.00
1941	976	799	-1	3.00
1961	986	782	-1	3.00
1962	987	812	1	0.00
1963	987	758	-1	3.00
1965	988	813	-1	7.00
107	54	1	1	23.00
1969	990	809	-1	3.00
1964	988	140	1	7.00
1967	989	140	-1	5.00
1966	989	814	1	5.00
1998	1005	140	1	0.00
2006	1009	140	1	3.00
1991	1001	821	-1	5.00
1942	977	45	1	0.00
1970	991	815	1	10.00
1972	992	815	1	0.00
1944	978	748	1	0.00
1945	978	389	-1	1.00
1947	979	358	-1	1.00
1946	979	748	1	1.00
1948	980	358	1	0.00
1949	980	389	-1	1.00
1973	992	777	-1	5.00
1974	993	36	1	0.00
1975	993	811	-1	1.00
1982	997	140	1	0.00
1983	997	818	-1	5.00
190	95	80	-1	225.00
266	133	123	-1	19.00
2017	1014	140	-1	2.00
1677	844	12	-1	45.00
1823	917	54	-1	38.00
2009	1010	821	-1	2.00
2010	1011	825	1	0.00
1977	994	811	-1	11.00
2011	1011	809	-1	0.00
2023	1017	833	-1	1000.00
140	70	60	-1	40.00
387	194	32	1	21.00
1950	981	140	1	0.00
1951	981	807	-1	5.00
1999	1005	822	-1	1.00
2000	1006	36	1	0.00
1833	922	693	-1	12.00
1931	971	790	-1	42.00
2001	1006	820	-1	1.00
2003	1007	813	-1	1.00
2004	1008	36	1	0.00
1699	855	677	-1	29.00
2005	1008	809	-1	1.00
1989	1000	820	-1	8.00
1984	998	819	1	0.00
1985	998	814	-1	3.00
1987	999	819	-1	5.00
1986	999	140	1	4.00
1988	1000	45	1	0.00
1990	1001	813	1	0.00
1993	1002	821	-1	2.00
1954	983	140	1	1.00
1994	1003	140	1	0.00
2024	1018	140	1	0.00
1795	903	714	-1	24.00
268	134	125	-1	1057.00
2013	1012	825	-1	5.00
1821	916	720	-1	9.00
1943	977	804	-1	19.00
2007	1009	824	-1	20.00
1980	996	817	1	0.00
2030	1021	813	1	2.00
2016	1014	828	1	5.00
2020	1016	828	1	0.00
2021	1016	781	-1	2.00
2022	1017	45	1	0.00
2025	1018	831	-1	5.00
2026	1019	813	1	0.00
2027	1019	832	-1	5.00
2029	1020	834	-1	5.00
2031	1021	835	-1	5.00
2008	1010	825	1	5.00
2032	1022	827	1	5.00
1992	1002	809	1	5.00
2034	1023	828	1	0.00
2035	1023	834	-1	2.00
2036	1024	813	1	5.00
1971	991	140	-1	30.00
2012	1012	140	1	2.00
2018	1015	828	1	5.00
1996	1004	813	1	3.00
2019	1015	813	-1	5.00
1976	994	45	1	10.00
2033	1022	821	-1	1.00
2028	1020	813	1	4.00
2014	1013	140	1	5.00
2037	1024	836	-1	5.00
2039	1025	834	-1	5.00
2038	1025	836	1	4.00
2041	1026	837	-1	10.00
2040	1026	140	1	5.00
2042	1027	837	1	0.00
2043	1027	781	-1	5.00
2044	1028	837	1	0.00
2045	1028	190	-1	5.00
2047	1029	838	-1	5.00
2046	1029	813	1	3.00
2049	1030	809	-1	1.00
2050	1031	825	1	0.00
2051	1031	840	-1	1.00
2053	1032	815	-1	5.00
2106	1059	140	1	5.00
2052	1032	841	1	25.00
2055	1033	842	-1	3.00
2057	1034	843	-1	10.00
2056	1034	140	1	10.00
2059	1035	844	-1	5.00
2060	1036	847	1	0.00
2061	1036	827	-1	1.00
2063	1037	847	-1	5.00
2062	1037	140	1	5.00
2064	1038	847	1	0.00
2065	1038	739	-1	1.00
2066	1039	847	1	0.00
2067	1039	777	-1	1.00
2058	1035	813	1	5.00
2068	1040	140	1	0.00
2069	1040	845	-1	5.00
2070	1041	848	1	0.00
2071	1041	847	-1	2.00
2172	1092	860	1	5.00
2072	1042	140	1	5.00
2075	1043	739	-1	5.00
2076	1044	849	1	0.00
2077	1044	815	-1	5.00
2078	1045	813	1	0.00
2123	1067	825	-1	5.00
2079	1045	851	-1	5.00
2080	1046	140	1	0.00
2081	1046	850	-1	2.00
2082	1047	140	1	0.00
2083	1047	853	-1	4.00
2084	1048	853	1	0.00
2085	1048	837	-1	1.00
2086	1049	821	1	0.00
2087	1049	853	-1	2.00
2088	1050	140	1	0.00
2089	1050	858	-1	5.00
2091	1051	140	-1	3.00
2092	1052	867	1	0.00
2093	1052	872	-1	5.00
2090	1051	872	1	5.00
2094	1053	140	1	0.00
2095	1053	871	-1	5.00
2097	1054	866	-1	5.00
2098	1055	140	1	0.00
2099	1055	870	-1	3.00
2101	1056	869	-1	5.00
2102	1057	140	1	0.00
2103	1057	864	-1	5.00
2105	1058	874	-1	4.00
2107	1059	867	-1	3.00
2109	1060	855	-1	3.00
2110	1061	842	1	0.00
2111	1061	776	-1	2.00
2119	1065	812	-1	4.00
2054	1033	140	1	4.00
2115	1063	874	-1	1.00
2116	1064	842	1	0.00
2117	1064	782	-1	2.00
2120	1066	867	1	0.00
2121	1066	821	-1	5.00
2125	1068	850	-1	2.00
2127	1069	878	-1	5.00
2129	1070	871	-1	4.00
2151	1081	876	-1	2.00
2133	1072	868	-1	2.00
2134	1073	140	1	0.00
2135	1073	880	-1	4.00
2136	1074	140	1	0.00
2137	1074	876	-1	4.00
2122	1067	813	1	5.00
2138	1075	809	1	0.00
2139	1075	872	-1	1.00
2140	1076	809	1	0.00
2141	1076	827	-1	1.00
2142	1077	809	1	0.00
2143	1077	834	-1	3.00
2048	1030	839	1	3.00
2144	1078	847	1	0.00
2145	1078	873	-1	1.00
2112	1062	842	1	3.00
2131	1071	876	-1	3.00
2128	1070	779	1	4.00
2104	1058	140	1	3.00
2147	1079	812	-1	2.00
2148	1080	874	1	0.00
2149	1080	865	-1	1.00
2114	1063	840	1	1.00
2153	1082	855	-1	2.00
2154	1083	825	1	0.00
2155	1083	873	-1	2.00
2156	1084	825	1	0.00
2157	1084	871	-1	2.00
2158	1085	825	1	0.00
2159	1085	834	-1	2.00
2161	1086	874	-1	1.00
2163	1087	812	-1	1.00
2164	1088	825	1	0.00
2165	1088	847	-1	1.00
2167	1089	813	-1	4.00
2132	1072	779	1	2.00
2168	1090	868	1	0.00
2169	1090	871	-1	4.00
2171	1091	855	-1	1.00
2118	1065	842	1	3.00
2146	1079	874	1	3.00
2162	1087	825	1	3.00
2173	1092	866	-1	4.00
2175	1093	885	-1	4.00
2177	1094	883	-1	4.00
2176	1094	779	1	4.00
2002	1007	36	1	3.00
2166	1089	860	1	5.00
2178	1095	813	1	0.00
2124	1068	813	1	2.00
2179	1095	875	-1	5.00
2180	1096	140	1	0.00
2181	1096	865	-1	3.00
2183	1097	850	-1	2.00
2182	1097	828	1	2.00
2108	1060	140	1	3.00
2152	1082	825	1	3.00
2170	1091	868	1	2.00
2126	1069	813	1	5.00
2100	1056	140	1	1.00
2184	1098	140	1	0.00
2174	1093	779	1	3.00
2160	1086	825	1	3.00
2073	1042	849	-1	20.00
2130	1071	779	1	2.00
2074	1043	849	1	4.00
2113	1062	779	-1	4.00
2185	1098	888	-1	10.00
2186	1099	827	1	0.00
2187	1099	855	-1	1.00
2189	1100	140	-1	0.00
2268	1140	842	1	0.00
2190	1101	889	1	5.00
2192	1102	890	1	0.00
2193	1102	871	-1	3.00
2191	1101	825	-1	5.00
2150	1081	885	1	6.00
2194	1103	885	1	0.00
2269	1140	836	-1	4.00
2195	1103	842	-1	2.00
2196	1104	885	1	0.00
2197	1104	865	-1	2.00
2198	1105	809	1	0.00
2199	1105	888	-1	10.00
2200	1106	809	1	0.00
2201	1106	890	-1	10.00
2270	1141	842	1	0.00
2203	1107	891	-1	5.00
2204	1108	891	1	0.00
2205	1108	847	-1	1.00
2202	1107	140	1	1.00
2206	1109	891	1	0.00
2207	1109	849	-1	1.00
2208	1110	827	1	0.00
2209	1110	813	-1	1.00
2210	1111	827	1	0.00
2211	1111	859	-1	1.00
2212	1112	821	1	0.00
2213	1112	855	-1	4.00
1981	996	140	-1	3.00
1978	995	816	1	0.00
2214	1113	827	1	0.00
2215	1113	892	-1	1.00
2188	1100	889	1	1.00
2216	1114	779	1	0.00
2217	1114	855	-1	0.00
2218	1115	889	1	0.00
2271	1141	781	-1	4.00
2219	1115	893	-1	3.00
2220	1116	863	1	0.00
2221	1116	812	-1	5.00
2096	1054	140	1	5.00
2223	1117	866	-1	5.00
2224	1118	863	1	0.00
2225	1118	874	-1	5.00
2226	1119	863	1	0.00
2227	1119	880	-1	5.00
2222	1117	863	1	5.00
2228	1120	863	1	0.00
2229	1120	864	-1	5.00
2231	1121	896	-1	6.00
2230	1121	140	1	5.00
2232	1122	896	1	0.00
2233	1122	891	-1	2.00
2234	1123	896	1	0.00
2235	1123	875	-1	2.00
2236	1124	896	1	0.00
2237	1124	888	-1	3.00
2238	1125	896	1	0.00
2239	1125	855	-1	2.00
2240	1126	874	1	0.00
2241	1126	887	-1	3.00
2243	1127	855	-1	2.00
2244	1128	876	1	0.00
2245	1128	812	-1	2.00
2246	1129	140	1	0.00
2247	1129	854	-1	3.00
2248	1130	140	1	0.00
2249	1130	900	-1	10.00
2250	1131	140	1	0.00
2242	1127	876	1	6.00
2251	1131	899	-1	3.00
2252	1132	825	1	0.00
2253	1132	900	-1	5.00
2254	1133	813	1	0.00
2255	1133	900	-1	5.00
1979	995	140	-1	3.00
2257	1134	842	-1	4.00
2256	1134	739	1	4.00
2258	1135	842	1	0.00
2259	1135	879	-1	4.00
2260	1136	842	1	0.00
2261	1136	873	-1	4.00
2262	1137	842	1	0.00
2263	1137	871	-1	4.00
2264	1138	842	1	0.00
2265	1138	859	-1	4.00
2266	1139	842	1	0.00
2267	1139	834	-1	4.00
2272	1142	916	1	0.00
2297	1154	140	-1	10.00
2273	1142	873	-1	1.00
2274	1143	140	1	0.00
2275	1143	916	-1	1.00
2276	1144	813	1	0.00
2277	1144	915	-1	3.00
2278	1145	813	1	0.00
2279	1145	917	-1	3.00
2280	1146	813	1	0.00
2281	1146	918	-1	3.00
2282	1147	919	1	0.00
2283	1147	900	-1	3.00
2284	1148	919	1	0.00
2285	1148	853	-1	1.00
2287	1149	877	-1	5.00
2296	1154	922	1	10.00
2286	1149	140	1	5.00
2288	1150	856	1	0.00
2289	1150	877	-1	5.00
2290	1151	813	1	0.00
2291	1151	921	-1	3.00
2292	1152	921	1	0.00
2298	1155	922	1	0.00
2293	1152	875	-1	3.00
2294	1153	877	1	0.00
2295	1153	921	-1	1.00
2299	1155	896	-1	2.00
2300	1156	922	1	0.00
2301	1156	872	-1	2.00
2302	1157	922	1	0.00
2303	1157	739	-1	10.00
2304	1158	922	1	0.00
2305	1158	888	-1	2.00
2306	1159	922	1	0.00
2307	1159	900	-1	2.00
2308	1160	922	1	0.00
2309	1160	849	-1	1.00
2310	1161	922	1	0.00
2311	1161	809	-1	1.00
2312	1162	922	1	0.00
2313	1162	781	-1	3.00
2315	1163	923	-1	10.00
2314	1163	140	1	10.00
2316	1164	923	1	0.00
2317	1164	922	-1	10.00
2318	1165	923	1	0.00
2320	1166	923	1	0.00
2319	1165	864	-1	5.00
2321	1166	739	-1	10.00
2322	1167	923	1	0.00
2324	1168	923	1	0.00
2323	1167	849	-1	5.00
2325	1168	781	-1	5.00
\.


--
-- Name: account_creditline_id_seq; Type: SEQUENCE SET; Schema: public; Owner: -
--

SELECT pg_catalog.setval('account_creditline_id_seq', 2325, true);


--
-- Data for Name: account_node; Type: TABLE DATA; Schema: public; Owner: -
--

COPY account_node (id, alias) FROM stdin;
1	2
2	3
3	4
4	5
5	6
6	7
7	8
8	9
9	10
10	11
11	12
12	13
13	14
14	15
15	16
16	17
17	18
18	19
19	20
20	21
21	22
22	23
23	24
24	25
25	26
26	27
27	28
28	29
29	30
30	31
31	32
32	33
33	34
34	35
35	36
36	37
37	38
38	39
39	40
40	41
41	42
42	43
43	44
44	45
45	46
46	47
47	48
48	49
49	50
50	51
51	52
52	53
53	54
54	55
55	56
56	57
57	58
58	59
59	60
60	61
61	62
62	63
63	64
64	65
65	66
66	67
67	68
68	69
69	70
70	71
71	72
72	73
73	74
74	75
75	76
76	77
77	78
78	79
79	80
80	81
81	82
82	83
83	84
84	85
85	86
86	87
87	88
88	89
89	90
90	91
91	92
92	93
93	94
94	95
95	96
96	97
97	98
98	99
99	100
100	101
101	102
102	103
103	104
104	105
105	106
106	107
107	108
108	109
109	110
110	111
111	114
112	115
113	116
114	117
115	118
116	119
117	120
118	121
119	113
120	122
121	124
122	125
123	126
124	127
125	128
126	129
127	130
128	131
129	132
130	133
131	134
132	135
133	136
134	137
135	138
136	139
137	140
138	141
140	143
141	144
142	145
143	146
144	147
145	148
146	149
147	150
148	151
149	152
150	153
151	154
152	155
153	156
154	157
155	158
156	159
157	160
158	161
159	162
160	163
161	164
162	165
163	166
164	167
165	168
166	169
168	171
169	172
170	173
171	174
172	175
173	177
174	178
175	179
176	181
177	182
178	180
179	183
180	184
181	185
182	186
183	187
184	188
185	189
186	192
187	190
188	191
189	193
190	194
191	195
192	197
193	198
194	196
195	199
196	200
197	201
198	202
199	203
200	204
201	205
202	206
203	207
204	208
205	209
206	210
207	211
208	212
209	213
210	214
211	215
212	216
213	217
214	176
215	218
216	219
217	220
218	221
219	222
220	223
221	224
222	225
223	226
224	227
225	228
226	229
227	230
228	231
229	232
230	233
231	234
232	235
233	236
234	238
235	239
236	237
237	240
238	241
239	242
240	243
241	245
242	244
243	246
244	247
245	248
246	249
247	250
248	251
249	252
250	253
251	254
252	256
253	255
254	257
255	258
256	259
257	260
258	261
259	262
260	263
261	264
262	265
263	266
264	267
265	268
266	269
267	271
268	272
269	273
270	275
271	276
272	277
273	278
274	279
275	280
276	281
277	282
278	283
279	284
280	285
281	286
282	287
283	288
284	289
285	290
286	291
287	292
288	293
289	294
290	296
291	297
292	298
293	299
294	300
295	301
296	302
297	303
298	304
299	305
300	306
301	307
302	308
303	309
304	310
305	311
306	312
307	313
308	314
309	315
310	316
311	317
312	318
313	319
314	320
315	321
316	322
317	323
318	324
319	325
320	326
321	327
322	328
323	329
324	330
325	331
326	332
327	333
328	334
329	335
330	336
331	337
332	338
333	339
334	340
335	341
336	342
337	343
338	344
339	345
340	346
341	347
342	348
343	349
344	350
345	351
346	352
347	353
348	354
349	355
350	356
351	357
352	358
353	360
354	361
355	362
356	363
357	364
358	365
359	366
360	367
361	368
362	369
363	370
364	371
365	372
366	373
367	374
368	375
369	376
370	377
371	378
372	379
373	380
374	381
375	382
376	383
377	384
378	385
379	386
380	387
381	388
382	389
383	390
384	391
385	392
386	393
387	394
388	395
389	396
390	397
391	399
392	400
393	401
394	402
395	403
396	404
397	405
398	406
399	407
400	408
401	409
402	398
403	410
404	411
405	412
406	413
407	415
408	414
409	416
410	417
411	418
412	419
413	420
414	421
415	422
416	425
417	427
418	428
419	426
420	429
421	424
422	430
423	431
424	432
425	433
426	434
427	435
428	436
429	437
430	438
431	439
432	440
433	441
434	442
435	443
436	444
437	445
438	446
439	112
440	447
441	448
442	449
443	450
444	452
445	451
446	453
447	454
448	455
449	456
450	457
451	458
452	459
453	460
454	461
455	462
456	463
457	464
458	465
459	466
460	467
461	468
462	469
463	470
464	471
466	472
467	474
468	475
469	476
470	477
471	478
472	479
473	480
474	481
475	482
476	483
477	484
478	123
479	486
480	487
481	488
482	489
483	490
484	491
485	492
486	493
487	494
488	495
489	496
490	497
491	498
492	499
493	500
494	501
495	502
496	503
497	504
498	505
499	506
500	507
501	508
502	509
503	510
504	511
506	513
507	514
508	515
509	516
510	517
511	518
512	519
513	295
514	520
515	521
516	522
517	524
518	525
519	526
520	527
521	528
522	529
523	530
524	531
525	532
526	533
527	523
528	534
529	535
530	536
531	537
532	538
533	539
534	540
535	541
536	542
537	543
538	544
539	545
540	546
541	547
542	548
543	549
544	550
545	551
546	552
547	553
548	554
549	555
550	556
551	557
552	558
553	559
554	560
555	561
556	562
557	563
558	564
559	565
560	566
561	567
562	568
563	569
564	570
565	571
566	572
567	573
568	575
569	576
570	577
571	578
572	574
573	579
574	581
575	582
576	583
577	580
578	584
579	585
580	586
581	587
582	588
583	589
584	590
585	591
586	592
587	594
588	595
589	596
590	597
591	598
592	599
593	600
594	601
595	602
596	603
597	604
598	605
599	606
600	607
601	608
602	609
603	610
604	611
605	612
606	613
607	614
608	615
609	616
610	617
611	618
612	619
613	620
614	621
615	622
616	623
617	624
618	625
619	626
620	627
621	628
622	629
623	630
624	631
625	632
626	633
627	634
628	635
629	636
630	637
631	638
632	639
633	640
634	641
635	642
636	643
637	644
638	645
639	646
640	647
641	648
642	649
643	650
644	651
645	652
646	653
647	654
648	655
649	656
650	657
651	658
652	659
653	660
654	661
655	662
656	663
657	664
658	665
659	666
660	667
661	668
662	669
663	670
664	671
665	672
666	673
667	674
668	675
669	676
670	677
671	678
672	679
673	680
674	681
675	682
676	683
677	684
678	685
679	686
680	687
681	688
682	689
683	690
684	691
685	692
686	693
687	694
688	695
689	696
690	697
691	698
692	699
693	700
694	701
695	702
696	703
697	704
698	705
699	706
700	707
701	708
702	709
703	712
704	710
705	713
706	714
707	715
708	716
709	717
710	718
711	719
712	720
713	721
714	722
715	723
716	724
717	725
718	726
719	727
720	728
721	729
722	730
723	731
724	732
725	733
726	734
727	735
728	736
729	737
730	738
731	739
732	740
733	485
734	741
735	742
736	743
737	744
738	745
739	746
740	748
741	749
742	750
743	751
744	753
745	754
746	755
747	756
748	757
749	758
750	759
751	760
752	761
753	274
754	762
755	763
756	764
757	765
758	766
759	767
760	768
761	769
762	770
763	771
764	772
765	773
766	774
767	776
768	777
769	778
770	779
771	780
772	781
773	782
774	784
775	785
776	786
777	787
778	788
779	789
780	790
781	791
782	792
783	793
784	794
785	795
786	796
787	797
788	798
789	799
790	800
791	801
792	802
793	803
794	804
795	805
796	806
797	807
798	808
799	809
800	810
801	811
802	775
803	812
804	813
805	814
806	815
807	816
808	817
809	818
810	819
811	820
812	821
813	822
814	823
815	824
816	825
817	826
818	827
819	828
820	829
821	830
822	831
823	832
824	833
825	834
826	835
827	836
828	837
829	839
830	838
831	840
832	841
833	842
834	843
835	844
836	845
837	846
838	847
839	848
840	849
841	850
842	851
843	852
844	853
845	854
846	855
847	856
848	857
849	859
850	860
851	861
852	858
853	862
854	863
855	864
856	865
857	866
858	867
859	868
860	869
861	870
862	871
863	872
864	873
865	874
866	876
867	875
868	877
869	878
870	879
871	880
872	881
873	882
874	883
875	885
876	884
877	886
878	887
879	888
880	889
881	890
882	891
883	892
884	893
885	894
886	895
887	896
888	897
889	898
890	899
891	900
892	901
893	902
894	903
895	904
896	905
897	906
898	907
899	908
900	909
902	783
903	752
904	747
905	711
906	593
907	423
908	359
909	270
910	911
911	912
912	913
913	914
914	915
915	916
916	917
917	918
918	919
919	920
920	921
921	922
922	923
923	924
924	925
\.


--
-- Name: account_node_id_seq; Type: SEQUENCE SET; Schema: public; Owner: -
--

SELECT pg_catalog.setval('account_node_id_seq', 924, true);


--
-- Data for Name: payment_entry; Type: TABLE DATA; Schema: public; Owner: -
--

COPY payment_entry (id, payment_id, account_id, amount, new_balance) FROM stdin;
1	1	18	2.00	2.00
2	2	25	-4.00	-4.00
3	3	6	5.00	5.00
4	4	57	1.50	1.50
5	5	59	-0.50	-0.50
6	6	73	-0.50	-0.50
7	7	73	1.00	0.50
8	8	73	-0.50	0.00
9	9	89	-1.00	-1.00
10	10	91	-1.00	-1.00
11	11	94	-1.00	-1.00
12	12	89	1.00	0.00
13	13	56	-1.00	-1.00
14	14	38	1.00	1.00
15	15	94	1.00	0.00
16	16	91	1.00	0.00
17	17	100	1.00	1.00
18	18	100	-1.00	0.00
19	19	7	-3.00	-3.00
20	20	5	1.00	1.00
21	21	6	1.00	6.00
22	22	6	-1.00	5.00
23	22	1	1.00	1.00
24	22	5	1.00	2.00
25	22	7	2.00	-1.00
26	22	3	2.00	2.00
27	23	1	1.00	2.00
28	23	32	-1.00	-1.00
29	24	91	-1.00	-1.00
30	25	131	-1.00	-1.00
31	26	116	-5.00	-5.00
32	27	132	-10.00	-10.00
33	28	145	-1.00	-1.00
34	29	134	-5.00	-5.00
35	30	153	-2.00	-2.00
36	31	46	9.95	9.95
37	32	160	1.00	1.00
38	32	150	1.00	1.00
39	33	150	-1.00	0.00
40	33	160	-1.00	0.00
41	34	162	1.00	1.00
42	35	162	-1.00	0.00
43	36	134	-1.50	-6.50
44	37	166	-2.00	-2.00
45	38	134	-1.50	-8.00
46	39	167	-2.00	-2.00
47	40	134	-1.10	-9.10
48	41	160	1.00	1.00
49	41	162	1.00	1.00
50	41	150	1.00	1.00
51	41	71	1.00	1.00
52	41	41	-1.00	-1.00
53	41	155	-1.00	-1.00
54	41	157	-1.00	-1.00
55	42	167	2.00	0.00
56	43	172	1.00	1.00
57	44	183	-0.44	-0.44
58	45	184	1.00	1.00
59	46	2	2.00	2.00
60	47	134	-3.14	-12.24
61	48	134	1.00	-11.24
62	49	54	0.70	0.70
63	50	132	0.01	-9.99
64	50	145	0.01	-0.99
65	50	172	-0.01	0.99
66	51	54	0.17	0.87
67	52	54	2.20	3.07
68	53	201	-0.50	-0.50
69	54	54	0.70	3.77
70	55	202	-1.00	-1.00
71	56	203	3.00	3.00
72	57	46	-0.03	9.92
73	57	54	0.03	3.80
74	58	206	-0.05	-0.05
75	59	54	0.14	3.94
76	60	189	-1.00	-1.00
77	61	215	2.00	2.00
78	62	216	-0.50	-0.50
79	63	206	5.00	4.95
80	64	217	-9000.00	-9000.00
81	65	217	4500.00	-4500.00
82	66	217	-5000000.00	-5004500.00
83	67	218	1337.00	1337.00
84	68	219	-4000.00	-4000.00
85	69	220	-4000.00	-4000.00
86	70	219	2000.00	-2000.00
87	71	223	-500.00	-500.00
88	72	224	-0.50	-0.50
89	73	224	80085.00	80084.50
90	74	226	-100.00	-100.00
91	75	227	-0.05	-0.05
92	76	228	-1.00	-1.00
93	77	221	-0.10	-0.10
94	78	229	-10.00	-10.00
95	79	231	-1000.00	-1000.00
96	80	232	-1000.00	-1000.00
97	81	233	1.00	1.00
98	82	235	-10.00	-10.00
99	83	236	-1.00	-1.00
100	84	236	1.00	0.00
101	85	235	10.00	0.00
102	86	235	-1.00	-1.00
103	87	236	-1.00	-1.00
104	88	220	4000.00	0.00
105	89	246	1.50	1.50
106	90	178	-0.79	-0.79
107	90	194	1.00	1.00
108	90	132	0.79	-9.20
109	90	54	1.06	5.00
110	90	71	1.00	2.00
111	90	152	-1.00	-1.00
112	90	41	1.00	0.00
113	90	45	0.79	0.79
114	91	260	-1.00	-1.00
115	92	178	-0.21	-1.00
116	92	132	0.21	-8.99
117	92	41	0.35	0.35
118	92	155	-0.35	-1.35
119	92	45	0.21	1.00
120	92	158	0.35	0.35
121	93	270	-1.50	-1.50
122	94	271	-0.50	-0.50
123	95	272	-2.00	-2.00
124	96	213	3.00	3.00
125	97	145	0.05	-0.94
126	97	210	0.05	0.05
127	97	254	0.35	0.35
128	97	225	0.35	0.35
129	97	231	0.35	-999.65
130	97	248	0.10	0.10
131	97	41	0.15	0.50
132	97	155	-0.15	-1.50
133	97	221	0.10	0.00
134	97	206	0.05	5.00
135	97	45	0.35	1.35
136	97	16	-0.50	-0.50
137	98	45	0.50	1.85
138	98	254	0.50	0.85
139	98	225	0.50	0.85
140	98	231	0.50	-999.15
141	98	16	-0.50	-1.00
142	99	275	-0.50	-0.50
143	100	246	-2.00	-0.50
144	101	225	0.15	1.00
145	101	277	-1.00	-1.00
146	101	151	-0.85	-0.85
147	101	231	0.15	-999.00
148	101	45	0.15	2.00
149	101	254	0.15	1.00
150	101	16	-1.00	-2.00
151	102	285	-1.00	-1.00
152	103	213	-1.50	1.50
153	104	286	-1.00	-1.00
154	105	288	1.00	1.00
155	106	132	0.71	-8.28
156	106	151	-0.71	-1.56
157	106	172	-0.71	0.28
158	107	287	1.00	1.00
159	107	162	-1.00	0.00
160	107	275	1.00	0.50
161	107	155	1.00	-0.50
162	108	298	-3.00	-3.00
163	109	145	0.25	-0.69
164	109	183	-0.25	-0.69
165	110	299	-0.10	-0.10
166	111	132	0.14	-8.14
167	111	151	-0.14	-1.70
168	111	172	-0.14	0.14
169	112	183	0.25	-0.44
170	113	132	0.01	-8.13
171	113	145	0.01	-0.68
172	113	172	-0.01	0.13
173	114	321	-2.00	-2.00
174	115	304	2.00	2.00
175	116	333	-1.00	-1.00
176	117	335	-1.00	-1.00
177	118	336	1.00	1.00
178	119	360	-1.00	-1.00
179	120	334	-1.00	-1.00
180	121	347	1.00	1.00
181	122	367	-1.00	-1.00
182	123	285	1.00	0.00
183	124	168	-0.50	-0.50
184	125	292	1.00	1.00
185	125	151	-1.00	-2.70
186	126	151	-0.50	-3.20
187	126	16	-0.50	-2.50
188	127	349	-2.00	-2.00
189	128	178	0.13	-0.87
190	128	16	-1.00	-3.50
191	128	373	1.00	1.00
192	128	150	-0.87	0.13
193	128	151	-1.00	-4.20
194	128	248	0.87	0.97
195	128	218	-0.87	1336.13
196	128	172	-0.13	0.00
197	128	254	-0.87	0.13
198	128	160	-0.87	0.13
199	129	374	1.00	1.00
200	130	374	-1.00	0.00
201	131	376	1.00	1.00
202	132	349	-2.00	-4.00
203	133	292	1.00	2.00
204	133	32	0.20	-0.80
205	133	294	0.20	0.20
206	133	151	-0.80	-5.00
207	134	304	-1.00	1.00
208	135	194	-0.03	0.97
209	135	132	0.03	-8.10
210	135	218	-0.03	1336.10
211	135	248	0.03	1.00
212	135	41	1.47	1.97
213	135	178	-0.03	-0.90
214	135	155	0.50	0.00
215	135	46	-1.47	8.45
216	135	254	-0.03	0.10
217	136	41	0.02	1.99
218	136	194	0.02	0.99
219	137	32	0.06	-0.74
220	137	194	0.01	1.00
221	137	150	-0.06	0.07
222	137	294	0.06	0.26
223	137	41	0.01	2.00
224	137	158	0.06	0.41
225	137	160	-0.06	0.07
227	139	383	-0.50	-0.50
228	140	385	-3.00	-3.00
229	141	395	-1.00	-1.00
230	142	152	0.09	-0.91
231	142	157	-0.09	-1.09
232	142	158	-0.41	0.00
233	143	32	0.03	-0.71
234	143	150	-0.03	0.04
235	143	294	0.03	0.29
236	143	152	-0.03	-0.94
237	143	157	0.03	-1.06
238	143	160	-0.03	0.04
239	144	32	0.04	-0.67
240	144	150	-0.04	0.00
241	144	294	0.04	0.33
242	144	152	-0.04	-0.98
243	144	157	0.04	-1.02
244	144	160	-0.04	0.00
245	145	396	-1.00	-1.00
246	146	396	1.00	0.00
247	147	397	-1.00	-1.00
248	148	397	1.00	0.00
249	149	396	1.00	1.00
250	149	397	-1.00	-1.00
251	150	397	1.00	0.00
252	150	396	-1.00	0.00
253	151	400	-1.00	-1.00
254	152	400	1.00	0.00
255	153	400	-1.00	-1.00
256	154	400	1.00	0.00
258	156	32	0.67	0.00
259	156	225	-0.02	0.98
260	156	1	0.33	2.33
261	156	194	-0.02	0.98
262	156	227	0.02	-0.03
263	156	294	1.00	1.33
264	156	167	0.98	0.98
265	156	152	-0.02	-1.00
266	156	91	0.33	-0.67
267	156	157	0.02	-1.00
268	156	206	-0.02	4.98
269	156	16	-1.00	-4.50
270	157	155	1.00	1.00
271	158	225	-0.02	0.96
272	158	1	0.67	3.00
273	158	194	0.02	1.00
274	158	91	0.67	0.00
275	158	227	0.02	-0.01
276	158	132	0.65	-7.45
277	158	294	0.67	2.00
278	158	155	0.02	1.02
279	158	172	-0.65	-0.65
280	158	206	-0.02	4.96
281	159	54	14.84	19.84
282	160	415	1.00	1.00
283	161	418	3.00	3.00
284	162	409	2.00	2.00
285	163	515	-3.00	-3.00
286	164	54	14.05	33.89
287	165	409	-0.20	1.80
288	166	461	-1.00	-1.00
289	167	417	-1.00	-1.00
290	168	491	0.20	0.20
291	168	415	-0.20	0.80
292	168	475	1.00	1.00
293	169	475	-0.30	0.70
294	170	443	-0.50	-0.50
295	171	532	1.00	1.00
296	172	533	1.00	1.00
297	172	447	1.00	1.00
298	173	437	-0.25	-0.25
299	174	437	-0.25	-0.50
300	175	409	-1.20	0.60
301	176	409	-1.20	-0.60
302	177	416	-2.00	-2.00
303	178	437	0.50	0.00
304	178	418	-0.50	2.50
305	178	409	0.50	-0.10
306	178	411	1.00	1.00
307	179	411	-1.00	0.00
308	180	95	1.00	1.00
309	181	95	1.00	2.00
310	182	601	-2.00	-2.00
311	184	415	-0.80	0.00
312	184	475	0.20	0.90
313	184	491	-0.20	0.00
314	185	419	1.00	1.00
315	185	547	1.00	1.00
316	185	551	-1.00	-1.00
317	185	632	1.00	1.00
318	185	634	-1.00	-1.00
319	185	461	-1.00	-2.00
320	186	480	0.90	0.90
321	186	419	1.00	2.00
322	186	437	0.10	0.10
323	186	409	0.10	0.00
324	186	602	2.00	2.00
325	186	475	-0.90	0.00
326	187	480	0.10	1.00
327	187	418	0.50	3.00
328	187	437	0.40	0.50
329	187	440	1.00	1.00
330	187	409	0.40	0.40
331	187	475	-0.10	-0.10
332	187	411	0.50	0.50
333	188	497	0.90	0.90
334	188	611	1.00	1.00
335	188	437	1.00	1.50
336	188	503	-1.00	-1.00
337	188	646	1.00	1.00
338	188	487	-1.00	-1.00
339	188	583	1.00	1.00
340	188	424	-1.00	-1.00
341	188	472	1.00	1.00
342	188	489	1.00	1.00
343	188	475	0.10	0.00
344	188	508	1.00	1.00
345	188	525	1.00	1.00
346	188	440	-0.10	0.90
347	188	574	1.00	1.00
348	188	477	1.00	1.00
349	189	437	0.50	2.00
350	189	454	0.50	0.50
351	189	487	-2.00	-3.00
352	189	455	1.50	1.50
353	189	570	2.00	2.00
354	189	574	1.50	2.50
355	189	575	-1.50	-1.50
356	190	421	-1.00	-1.00
357	191	629	0.20	0.20
358	192	497	-0.90	0.00
359	192	646	-0.90	0.10
360	192	503	1.00	0.00
361	192	472	-1.00	0.00
362	192	424	1.00	0.00
363	192	489	-0.10	0.90
364	192	487	0.10	-2.90
365	192	508	-1.00	0.00
366	192	480	-1.00	0.00
367	193	544	-0.50	-0.50
368	194	480	0.90	0.90
369	194	450	-0.10	-0.10
370	194	547	1.00	2.00
371	194	454	1.40	1.90
372	194	646	0.50	0.60
373	194	487	-0.10	-3.00
374	194	455	0.50	2.00
375	194	440	-0.50	0.40
376	194	409	-0.40	0.00
377	194	489	0.10	1.00
378	194	411	-0.10	0.40
379	194	477	-1.00	0.00
380	194	552	-1.00	-1.00
381	194	574	0.50	3.00
382	194	575	-0.50	-2.00
383	195	54	8.00	41.89
384	196	703	1.00	1.00
385	197	703	-1.00	0.00
386	198	676	1.00	1.00
387	199	629	0.80	1.00
388	199	570	-0.20	1.80
389	199	631	0.20	0.20
390	199	455	0.20	2.20
391	200	410	-0.60	-0.60
392	201	454	-1.00	0.90
393	202	413	-1.00	-1.00
394	203	719	-1.00	-1.00
395	204	719	-1.00	-2.00
396	204	453	-0.10	-0.10
397	204	450	0.10	0.00
398	204	455	-0.90	1.30
399	204	460	-0.90	-0.90
400	205	721	-7.00	-7.00
401	206	721	7.00	0.00
402	207	449	-1.00	-1.00
403	207	505	-0.10	-0.10
404	207	693	1.70	1.70
405	207	676	-1.00	0.00
406	207	663	-1.00	-1.00
407	207	455	2.70	4.00
408	207	520	2.00	2.00
409	207	489	-0.20	0.80
410	207	570	0.20	2.00
411	207	721	-2.00	-2.00
412	207	460	0.70	-0.20
413	207	524	-0.20	-0.20
414	207	527	0.10	0.10
415	208	421	-1.00	-2.00
416	208	455	-1.00	3.00
417	209	418	-0.40	2.60
418	209	453	-0.60	-0.70
419	209	693	0.40	2.10
420	209	646	0.40	1.00
421	209	440	-0.40	0.00
422	209	520	-0.40	1.60
423	210	721	0.90	-1.10
424	210	486	1.00	1.00
425	210	455	-1.00	2.00
426	210	473	-1.00	-1.00
427	210	505	1.10	1.00
428	210	527	0.90	1.00
429	210	449	1.00	0.00
430	211	602	-2.00	0.00
431	212	744	1.00	1.00
432	212	413	-1.00	-2.00
433	213	674	1.00	1.00
434	214	480	1.00	1.90
435	214	418	0.40	3.00
436	214	531	-0.40	-0.40
437	214	437	-1.40	0.60
438	214	454	0.60	1.50
439	214	569	-0.60	-0.60
440	214	610	1.00	1.00
441	214	525	-1.00	0.00
442	215	54	4.34	46.23
443	216	54	4.38	50.61
444	217	54	1.33	51.94
445	218	740	1.00	1.00
446	219	738	1.00	1.00
447	219	739	-1.00	-1.00
448	219	724	1.00	1.00
449	219	726	1.00	1.00
450	219	744	-1.00	0.00
451	219	682	-1.00	-1.00
452	220	739	-3.00	-4.00
453	221	739	3.00	-1.00
454	222	480	0.20	2.10
455	222	418	-0.20	2.80
456	222	531	-0.50	-0.90
457	222	724	-0.70	0.30
458	222	453	-0.30	-1.00
459	222	726	-0.30	0.70
460	222	455	-0.50	1.50
461	222	520	0.20	1.80
462	222	569	0.50	-0.10
463	222	524	0.20	0.00
464	223	777	-0.20	-0.20
465	224	781	1.00	1.00
466	224	779	1.00	1.00
467	225	782	-1.00	-1.00
468	226	788	-2.00	-2.00
469	227	576	1.00	1.00
470	227	512	0.10	0.10
471	227	514	-0.10	-0.10
472	227	706	1.00	1.00
473	227	709	-2.00	-2.00
474	227	453	1.00	0.00
475	227	665	3.00	3.00
476	227	520	0.20	2.00
477	227	460	0.20	0.00
478	227	721	-0.90	-2.00
479	227	657	0.80	0.80
480	227	658	-2.00	-2.00
481	227	531	0.40	-0.50
482	227	468	-0.30	-0.30
483	227	666	-1.00	-1.00
484	227	406	-1.00	-1.00
485	227	470	0.90	0.90
486	227	663	-1.00	-2.00
487	227	472	1.00	1.00
488	227	612	0.40	0.40
489	227	473	1.00	0.00
490	227	602	-0.20	-0.20
491	227	730	1.00	1.00
492	227	411	-0.40	0.00
493	227	604	1.00	1.00
494	227	733	-1.00	-1.00
495	227	605	1.00	1.00
496	227	670	-2.00	-2.00
497	227	606	1.00	1.00
498	227	671	1.00	1.00
499	227	608	-1.00	-1.00
500	227	480	0.90	3.00
501	227	674	-1.00	0.00
502	227	418	0.20	3.00
503	227	420	1.00	1.00
504	227	677	1.00	1.00
505	227	424	-6.50	-6.50
506	227	489	0.10	0.90
507	227	594	-1.00	-1.00
508	227	429	1.00	1.00
509	227	687	-0.70	-0.70
510	227	693	0.90	3.00
511	227	694	1.00	1.00
512	227	695	-1.00	-1.00
513	227	505	-0.10	0.90
514	227	635	-2.00	-2.00
515	227	443	0.20	-0.30
516	227	508	1.00	1.00
517	227	574	2.00	5.00
518	227	437	1.40	2.00
519	227	640	-2.00	-2.00
520	232	54	-0.10	51.84
521	233	724	-0.30	0.00
522	233	454	0.30	1.80
523	233	468	-0.70	-1.00
524	233	726	0.30	1.00
525	233	455	-0.30	1.20
526	233	800	0.50	0.50
527	233	635	0.50	-1.50
528	233	437	-0.50	1.50
529	233	687	-0.30	-1.00
530	234	151	-0.10	-5.10
531	235	781	5.00	6.00
532	236	781	-10.00	-4.00
533	237	657	-0.80	0.00
534	237	470	-0.90	0.00
535	237	514	0.10	0.00
536	237	505	0.10	1.00
537	237	420	1.20	2.20
538	237	629	-0.80	0.20
539	237	454	-0.90	0.90
540	237	455	-1.20	0.00
541	237	631	0.80	1.00
542	237	472	-0.10	0.90
543	237	552	0.80	-0.20
544	237	489	0.10	1.00
545	237	570	-1.00	1.00
546	237	602	3.20	3.00
547	237	512	-0.10	0.00
548	238	635	-0.50	-2.00
549	238	420	0.40	2.60
550	238	424	-0.50	-7.00
551	238	472	0.10	1.00
552	238	800	4.50	5.00
553	238	428	-0.40	-0.40
554	238	496	-0.10	-0.10
555	239	809	-4.00	-4.00
556	240	811	-2.00	-2.00
557	241	132	0.35	-7.10
558	241	158	1.65	1.65
559	241	167	-0.35	0.63
560	241	155	0.35	1.37
561	241	172	-0.35	-1.00
562	242	54	30.00	81.84
563	243	179	-1.00	-1.00
564	243	132	1.00	-6.10
565	243	72	0.65	0.65
566	243	74	-0.65	-0.65
567	243	155	-1.35	0.02
568	243	157	1.00	0.00
569	243	158	0.35	2.00
570	244	602	-1.00	2.00
571	245	132	1.50	-4.60
572	245	72	0.35	1.00
573	245	377	-0.50	-0.50
574	245	815	-1.00	-1.00
575	245	74	-0.35	-1.00
576	245	139	-0.50	-0.50
577	245	155	0.85	0.87
578	245	818	1.00	1.00
579	246	741	11.00	11.00
580	247	132	0.50	-4.10
581	247	377	-0.50	-1.00
582	247	815	0.50	-0.50
583	247	139	-0.50	-1.00
584	247	155	0.50	1.37
585	248	820	-1.75	-1.75
586	249	145	0.60	-0.08
587	249	194	-1.00	0.00
588	249	162	0.40	0.40
589	249	167	-1.00	-0.37
590	249	183	-0.56	-1.00
591	249	210	0.04	0.09
592	249	158	-1.00	1.00
593	249	206	0.04	5.00
594	250	825	1.00	1.00
595	251	804	-1.00	-1.00
596	252	74	0.37	-0.63
597	252	158	0.37	1.37
598	252	155	0.63	2.00
599	252	72	-0.37	0.63
600	253	127	1.00	1.00
601	254	127	5.50	6.50
602	255	838	-1.00	-1.00
603	256	823	-1.00	-1.00
604	257	840	-2.00	-2.00
605	258	272	2.00	0.00
606	259	95	170.00	172.00
607	260	95	55.00	227.00
608	261	95	170.00	397.00
609	262	844	-5.95	-5.95
610	263	846	-3.00	-3.00
611	264	846	-1.00	-4.00
612	265	815	-0.50	-1.00
613	265	158	-0.50	0.87
614	265	820	1.75	0.00
615	266	804	2.00	1.00
616	267	852	6.00	6.00
617	268	420	1.00	3.60
618	268	777	1.00	0.80
619	268	809	1.00	-3.00
620	268	155	-1.00	1.00
621	268	424	-1.00	-8.00
622	269	859	-1.00	-1.00
623	270	127	2.15	8.65
624	271	132	0.03	-4.07
625	272	838	-30.00	-31.00
626	273	809	1.00	-2.00
627	273	420	0.40	4.00
628	273	437	0.50	2.00
629	273	569	0.10	0.00
630	273	424	-0.50	-8.50
631	273	552	0.10	-0.10
632	273	612	0.10	0.50
633	273	777	1.00	1.80
634	273	815	1.00	0.00
635	273	443	-0.10	-0.40
636	273	409	0.50	0.50
637	274	818	-0.93	0.07
638	274	860	0.07	0.07
639	274	840	0.93	-1.07
640	274	132	-0.93	-5.00
641	275	132	0.07	-4.93
642	276	846	4.00	0.00
643	277	158	-0.80	0.07
644	278	132	1.00	-3.93
645	278	178	-1.00	-1.90
646	279	473	1.00	1.00
647	280	286	0.50	-0.50
648	281	888	-0.20	-0.20
649	282	893	-2.00	-2.00
650	283	895	-1.00	-1.00
651	284	896	-10.00	-10.00
652	285	896	7.00	-3.00
653	286	512	0.10	0.10
654	286	706	-0.10	0.90
655	286	132	-0.85	-4.78
656	286	72	-0.63	0.00
657	286	172	0.41	-0.59
658	286	777	0.20	2.00
659	286	74	0.63	0.00
660	286	139	0.37	-0.63
661	286	206	-0.01	4.99
662	286	722	0.07	0.07
663	286	860	-0.07	0.00
664	286	473	-1.73	-0.73
665	286	602	-2.00	0.00
666	286	155	-1.00	0.00
667	286	158	-0.62	-0.55
668	286	225	-0.01	0.95
669	286	162	-0.40	0.00
670	286	227	0.01	0.00
671	286	424	-0.10	-8.60
672	286	428	-0.07	-0.47
673	286	818	-0.07	0.00
674	286	687	0.07	-0.93
675	286	893	-1.83	-3.83
676	286	377	0.37	-0.63
677	287	903	-1.00	-1.00
678	288	896	-4.00	-7.00
679	289	906	60.00	60.00
680	290	905	-2.00	-2.00
681	291	741	-1.00	10.00
682	292	741	-1.00	9.00
683	293	909	1.00	1.00
684	294	919	-42.00	-42.00
685	295	374	1.00	1.00
686	296	927	-1.00	-1.00
687	297	929	2.00	2.00
688	298	879	-1.00	-1.00
689	298	884	1.00	1.00
690	299	943	-1.00	-1.00
691	300	943	0.50	-0.50
692	301	943	0.50	0.00
693	302	943	-0.50	-0.50
694	303	943	-0.50	-1.00
695	304	944	-1.00	-1.00
696	305	944	1.00	0.00
697	306	943	-1.00	-2.00
698	307	945	-2.00	-2.00
699	308	943	1.00	-1.00
700	309	943	1.00	0.00
701	310	946	-1.00	-1.00
702	311	947	2.00	2.00
703	312	947	-2.00	0.00
704	313	945	2.00	0.00
705	314	946	-1.00	-2.00
706	315	946	2.00	0.00
707	316	946	1.00	1.00
708	317	947	1.00	1.00
709	317	943	1.00	1.00
710	317	945	-1.00	-1.00
711	318	946	-1.00	0.00
712	319	947	-1.00	0.00
713	320	943	1.00	2.00
714	321	943	-2.00	0.00
715	322	943	-1.00	-1.00
716	322	945	1.00	0.00
717	323	943	1.00	0.00
718	324	952	-1.00	-1.00
719	325	127	1.00	9.65
720	326	956	-5.00	-5.00
721	327	158	-0.10	-0.65
722	328	81	2.00	2.00
723	328	884	2.00	3.00
724	329	54	22.00	103.84
725	330	127	0.50	10.15
726	331	972	-1.00	-1.00
727	332	974	-0.20	-0.20
728	333	178	1.90	0.00
729	333	132	-1.90	-6.68
730	333	922	9.00	9.00
731	333	879	3.00	2.00
732	333	912	2.00	2.00
733	333	913	1.00	1.00
734	333	867	-0.10	-0.10
735	333	884	-3.00	0.00
736	333	916	1.00	1.00
737	334	977	5.00	5.00
738	335	978	-1.00	-1.00
739	336	979	-1.00	-1.00
740	337	979	1.00	0.00
741	338	95	-32.24	364.76
742	339	424	8.60	0.00
743	340	985	5.00	5.00
744	341	985	-5.00	0.00
745	342	989	-0.50	-0.50
746	343	991	-3.00	-3.00
747	344	991	-2.50	-5.50
748	345	985	3.00	3.00
753	349	983	-1.00	-1.00
754	350	983	1.00	0.00
755	351	990	1.00	1.00
756	352	999	1.00	1.00
757	353	983	-1.00	-1.00
758	354	132	0.78	-5.90
759	354	922	0.78	9.78
760	354	167	0.37	0.00
761	354	377	-0.37	-1.00
762	354	912	-0.78	1.22
763	354	139	-0.37	-1.00
764	354	172	-0.41	-1.00
765	354	866	-0.22	-0.22
766	355	855	-1.00	-1.00
767	356	989	0.25	-0.25
768	357	990	-1.00	0.00
769	357	988	-1.00	-1.00
770	358	1009	14.00	14.00
771	359	1011	-1.00	-1.00
772	360	1009	-5.00	9.00
773	361	990	-0.50	-0.50
774	362	1009	-5.00	4.00
775	363	1009	-2.00	2.00
776	364	1009	14.00	16.00
777	365	1009	-2.00	14.00
778	366	1009	-7.00	7.00
779	367	1009	-4.00	3.00
780	368	1009	-4.50	-1.50
781	369	1009	14.00	12.50
782	370	1009	1.00	13.50
783	371	1009	-4.50	9.00
784	372	1009	-4.50	4.50
785	373	1009	-3.50	1.00
786	374	1009	14.00	15.00
787	375	1017	25.51	25.51
788	376	1017	-1.00	24.51
789	377	1009	-10.00	5.00
790	378	1025	-2.00	-2.00
791	379	1026	10.00	10.00
792	380	1026	15.00	25.00
793	381	1026	-10.00	15.00
794	382	1026	-6.50	8.50
795	383	1019	4.00	4.00
796	384	1017	-12.65	11.86
797	385	1032	-25.00	-25.00
798	386	991	25.00	19.50
799	387	1026	-5.00	3.50
800	388	1026	-3.50	0.00
801	389	988	3.00	2.00
802	390	1042	10.00	10.00
803	391	1042	4.00	14.00
804	392	1045	5.00	5.00
805	393	1042	-6.00	8.00
806	394	1042	14.00	22.00
807	395	1042	-6.00	16.00
808	396	1042	-4.50	11.50
809	397	1042	-10.00	1.50
810	398	1042	-5.00	-3.50
811	399	988	3.00	5.00
812	400	994	8.90	8.90
813	401	1002	-2.50	-2.50
814	401	1067	-0.16	-0.16
815	401	988	-2.66	2.34
816	401	990	-2.50	-3.00
817	401	1022	4.66	4.66
818	401	1010	-2.16	-2.16
819	401	1012	-2.00	-2.00
820	402	1042	-1.50	-5.00
821	402	1043	2.00	2.00
822	402	991	5.00	24.50
823	402	928	2.00	2.00
824	402	1044	5.00	5.00
825	403	1042	-2.00	-7.00
826	404	1044	-5.00	0.00
827	404	991	-5.00	19.50
828	404	928	-2.00	0.00
829	404	1043	-2.00	0.00
830	404	1042	7.00	0.00
831	405	1017	42.00	53.86
832	406	988	-0.33	2.01
833	407	1100	-1.00	-1.00
834	408	1082	-3.00	-3.00
835	409	1092	-1.00	-1.00
836	410	1094	-5.00	-5.00
837	411	1094	1.00	-4.00
838	412	1022	-0.33	4.33
839	412	990	0.33	-2.67
840	412	1002	0.33	-2.17
841	413	1062	-1.00	-1.00
842	413	983	1.00	0.00
843	413	1033	-1.00	-1.00
844	413	1002	1.84	-0.33
845	413	1067	0.16	0.00
846	413	988	1.00	3.01
847	413	990	0.84	-1.83
848	413	1072	-1.00	-1.00
849	413	1010	2.16	0.00
850	413	1091	-1.00	-1.00
851	413	1060	-3.00	-3.00
852	413	1012	2.00	0.00
853	414	1013	8.50	8.50
854	415	988	-1.00	2.01
855	416	1042	14.00	14.00
856	417	1114	-4.00	-4.00
857	418	1054	-1.50	-1.50
858	419	1121	2.00	2.00
859	420	1042	-9.00	5.00
860	421	1042	14.00	19.00
861	422	991	1.50	21.00
862	423	1094	1.00	-3.00
863	424	1017	-0.70	53.16
864	425	1071	3.00	3.00
865	426	1112	-3.00	-3.00
866	427	1065	1.00	1.00
867	427	905	2.00	0.00
868	427	929	-2.00	0.00
869	427	1033	-1.00	-2.00
870	427	985	1.00	4.00
871	428	988	-0.33	1.68
872	429	1092	0.50	-0.50
873	430	1042	-16.50	2.50
874	431	1042	-7.50	-5.00
875	431	991	0.75	21.75
876	431	1044	0.75	0.75
877	432	1044	-0.75	0.00
878	432	991	-0.75	21.00
879	432	928	-2.25	-2.25
880	432	1043	-2.25	-2.25
881	432	1042	25.00	20.00
882	433	1149	2.00	2.00
883	434	1042	-20.00	0.00
884	434	1043	1.75	-0.50
885	434	928	1.75	-0.50
886	435	1042	14.00	14.00
\.


--
-- Name: payment_entry_id_seq; Type: SEQUENCE SET; Schema: public; Owner: -
--

SELECT pg_catalog.setval('payment_entry_id_seq', 886, true);


--
-- Data for Name: payment_payment; Type: TABLE DATA; Schema: public; Owner: -
--

COPY payment_payment (id, payer_id, recipient_id, amount, memo, submitted_at, last_attempted_at, status) FROM stdin;
1	14	1	2.00	Ryan has spent sometime helping me with my website	2011-11-07 19:31:53.205271+00	2011-11-07 19:31:53.264795+00	completed
2	1	18	4.00	Thanks for the editing.  I don't intend acknowledgement "hours" to be equal to the time spent, but rather to the value of the work, with one acknowledgement hour being equal to one hour of unskilled, minimum wage labour.  Does that make sense?  Do you think I should communicate that better on the site somehow?	2011-11-07 22:42:51.731213+00	2011-11-07 22:42:51.735167+00	completed
3	2	5	5.00	Acknowledgement for massages, loaning me various things, letting me sleep over lots, etc etc. Mostly to get acknowledgements a-flowing and say thank you for being wonderful always.	2011-11-08 17:50:43.833491+00	2011-11-08 17:50:43.83758+00	completed
4	48	43	1.50	an hour and half. Not sure about this acknowledgement system. Hours by a trusted path? new ideas...	2011-11-09 18:46:29.917113+00	2011-11-09 18:46:29.921333+00	completed
5	32	50	0.50	Toma Richi, es slo una prueba. Para ver si se pueden hacer favores ms pequeos que una hora.	2011-11-10 20:31:48.37615+00	2011-11-10 20:31:48.404376+00	completed
11	32	79	1.00	Mira, te pago (acknowledgement, reconocimiento) una hora para que veas cmo es.\r\nNormalmente aqu pondra algo como "me ha hecho tal favor". \r\nNormalmente tampoco podra pagarte, porque t no no has indicado que confies en mi. Pero estoy haciendo un reconocimiento directo, que sera algo as como "te pago, aunque t no aceptes esto como pago".\r\nLuego, por favor, devulveme la hora, para que no se quede ah que debo una hora ms de las que realmente debo en mi total.\r\nPara pagarme tienes que pulsar meterte en mi perfil y pulsar "acknowledge" (izq)\r\n\r\nAhora como mximo t me puedes deber a mi una hora, porque yo te he dado un endorsement (muestra de confianza, patrocinio) de 1 corazoncito.\r\nA ti no te puede deber nadie (salvo direct acknowledgements), porque t todava no confas en nadie.\r\nPara que la gente pueda pagarte a ti en horas de las que tu aceptas, tienes que confiar en alguien. Puedes confiar (dar corazoncitos) en personas que estn ya registradas en la pgina entrando en su perfil y pulsando "Endorse" (izq).\r\nPuedes confiar en personas que no estn registradas a la vez que las invitas pulsando "Invite a friend" (der).\r\nCada corazoncito representa una hora, cuantos ms le des a una persona, ms confianza muestras y ms te compromentes por ella.\r\n\r\nComo yo confio en ti, Ryan confa en mi y los amigos de Ryan confan en , t ya podras pagar a todos ellos hasta una hora, que me deberas a mi.\r\nPero, por favor, espera un poco antes de hacerlo. Vamos a intentar primero hacer cosas por y recibir de gente que tenemos ms cerca, porque localmente es mucho ms fcil devolver favores. \r\n\r\nPuedes poner un anuncio pulsando "new post" (der). Para diferenciar si es algo que ofreces o que buscas, hay una casilla que debes marcar cuando el anuncio es por algo que buscas.\r\nPuedes ver los anuncios de otros si pulsas "feed" (izq) y despus "Posts" (arriba)\r\nPregntame si tienes alguna duda.	2011-11-17 10:36:56.68889+00	2011-11-17 10:36:56.693663+00	completed
6	61	63	0.50	cookies	2011-11-11 10:34:07.992532+00	2011-11-11 10:34:07.995367+00	completed
7	63	61	1.00	Rovithia	2011-11-11 10:40:31.168656+00	2011-11-11 10:40:31.17108+00	completed
12	76	32	1.00		2011-11-17 12:54:36.382774+00	2011-11-17 12:54:36.386029+00	completed
8	61	63	0.50	lampa	2011-11-15 06:00:55.081155+00	2011-11-15 06:00:55.104959+00	completed
9	32	76	1.00	Mira, te pago (acknowledgement, reconocimiento) una hora para que veas cmo es.\r\nNormalmente aqu pondra algo como "me ha hecho tal favor". \r\nNormalmente tampoco podra pagarte, porque t no no has indicado que confies en mi. Pero estoy haciendo un reconocimiento directo, que sera algo as como "te pago, aunque t no aceptes esto como pago".\r\nLuego, por favor, devulveme la hora, para que no se quede ah que debo una hora ms de las que realmente debo en mi total.\r\nPara pagarme tienes que pulsar meterte en mi perfil y pulsar "acknowledge" (izq)\r\n\r\nAhora como mximo t me puedes deber a mi una hora, porque yo te he dado un endorsement (muestra de confianza, patrocinio) de 1 corazoncito.\r\nA ti no te puede deber nadie (salvo direct acknowledgements), porque t todava no confas en nadie.\r\nPara que la gente pueda pagarte a ti en horas de las que tu aceptas, tienes que confiar en alguien. Puedes confiar (dar corazoncitos) en personas que estn ya registradas en la pgina entrando en su perfil y pulsando "Endorse" (izq).\r\nPuedes confiar en personas que no estn registradas a la vez que las invitas pulsando "Invite a friend" (der).\r\nCada corazoncito representa una hora, cuantos ms le des a una persona, ms confianza muestras y ms te compromentes por ella.\r\n\r\nComo yo confio en ti, Ryan confa en mi y los amigos de Ryan confan en , t ya podras pagar a todos ellos hasta una hora, que me deberas a mi.\r\nPero, por favor, espera un poco antes de hacerlo. Vamos a intentar primero hacer cosas por y recibir de gente que tenemos ms cerca, porque localmente es mucho ms fcil devolver favores. \r\n\r\nPuedes poner un anuncio pulsando "new post" (der). Para diferenciar si es algo que ofreces o que buscas, hay una casilla que debes marcar cuando el anuncio es por algo que buscas.\r\nPuedes ver los anuncios de otros si pulsas "feed" (izq) y despus "Posts" (arriba)\r\nPregntame si tienes alguna duda.	2011-11-16 20:55:29.341985+00	2011-11-16 20:55:29.370118+00	completed
10	2	25	1.00	Thank you for the wonderful coaching session. You're totally lovely! And you can expect an endorsement very soon.	2011-11-16 21:28:16.808061+00	2011-11-16 21:28:16.813809+00	completed
56	210	169	3.00	For helping me move	2012-02-03 19:50:18.700116+00	2012-02-03 19:50:18.702425+00	completed
57	45	37	0.03	posting stuff	2012-02-04 23:20:47.323035+00	2012-02-04 23:20:47.371226+00	completed
58	37	218	0.05	Thanks for listing ten things you could use!	2012-02-07 17:19:02.539329+00	2012-02-07 17:19:02.660262+00	completed
59	45	1	0.14	facilitating useful transaction.	2012-02-08 00:50:50.310281+00	2012-02-08 00:50:50.312234+00	completed
60	140	182	1.00	I downloaded your album.. thanks :-) Love you, bro!	2012-02-16 17:17:18.393704+00	2012-02-16 17:17:18.432464+00	completed
61	243	140	2.00	many many thank for the technical assistance daniel! you really are a wizard!	2012-02-16 18:04:35.28195+00	2012-02-16 18:04:35.284997+00	completed
62	140	12	0.50	Towards a video for villages.cc I will donate more, later..	2012-02-16 18:29:13.820726+00	2012-02-16 18:29:13.82689+00	completed
63	218	37	5.00	Wow thanks...Glad we can all take care of each other :D	2012-02-17 09:05:11.891045+00	2012-02-17 09:05:11.932392+00	completed
64	245	246	9000.00	time served	2012-02-18 14:56:36.476141+00	2012-02-18 14:56:36.508505+00	completed
65	246	245	4500.00		2012-02-18 15:10:42.722761+00	2012-02-18 15:10:42.733071+00	completed
66	245	246	5000000.00	Don't spend it all in one place.	2012-02-18 15:24:06.107687+00	2012-02-18 15:24:06.111026+00	completed
67	245	247	1337.00	Here's some hours.	2012-02-18 15:32:42.863505+00	2012-02-18 15:32:42.868228+00	completed
68	246	247	4000.00	Your dough for the day =D	2012-02-18 15:32:53.586308+00	2012-02-18 15:32:53.589348+00	completed
69	246	140	4000.00		2012-02-18 15:41:09.07806+00	2012-02-18 15:41:09.081957+00	completed
70	247	246	2000.00	Not clear on how trusted acknowledgements travel.	2012-02-18 15:47:34.340251+00	2012-02-18 15:47:34.343829+00	completed
71	246	248	500.00	Some spare time to you!	2012-02-18 16:03:01.404531+00	2012-02-18 16:03:01.408434+00	completed
72	249	245	0.50	I hereby acknowledge you for 30 minutes.	2012-02-18 16:54:20.156037+00	2012-02-18 16:54:20.160606+00	completed
73	245	249	80085.00	Guard these hours with your life.	2012-02-18 16:58:06.783168+00	2012-02-18 16:58:06.788276+00	completed
74	246	249	100.00	Let me work for you for 100 hours	2012-02-18 16:59:50.150319+00	2012-02-18 16:59:50.153698+00	completed
75	249	218	0.05		2012-02-18 17:00:09.976707+00	2012-02-18 17:00:09.987057+00	completed
76	245	248	1.00	See what you can do on a shoestring.	2012-02-18 17:02:31.490392+00	2012-02-18 17:02:31.494651+00	completed
77	245	140	0.10	Bam!	2012-02-18 17:03:38.097971+00	2012-02-18 17:03:38.101633+00	completed
13	32	47	1.00	Mira, te pago (acknowledgement, reconocimiento) una hora para que veas cmo es.\r\nNormalmente aqu pondra algo como "me ha hecho tal favor". \r\nNormalmente tampoco podra pagarte, porque t no no has indicado que confies en mi. Pero estoy haciendo un reconocimiento directo, que sera algo as como "te pago, aunque t no aceptes esto como pago".\r\nLuego, por favor, devulveme la hora, para que no se quede ah que debo una hora ms de las que realmente debo en mi total.\r\nPara pagarme tienes que pulsar meterte en mi perfil y pulsar "acknowledge" (izq)\r\n\r\nAhora como mximo t me puedes deber a mi una hora, porque yo te he dado un endorsement (muestra de confianza, patrocinio) de 1 corazoncito.\r\nA ti no te puede deber nadie (salvo direct acknowledgements), porque t todava no confas en nadie.\r\nPara que la gente pueda pagarte a ti en horas de las que tu aceptas, tienes que confiar en alguien. Puedes confiar (dar corazoncitos) en personas que estn ya registradas en la pgina entrando en su perfil y pulsando "Endorse" (izq).\r\nPuedes confiar en personas que no estn registradas a la vez que las invitas pulsando "Invite a friend" (der).\r\nCada corazoncito representa una hora, cuantos ms le des a una persona, ms confianza muestras y ms te compromentes por ella.\r\n\r\nComo yo confio en ti, Ryan confa en mi y los amigos de Ryan confan en , t ya podras pagar a todos ellos hasta una hora, que me deberas a mi.\r\nPero, por favor, espera un poco antes de hacerlo. Vamos a intentar primero hacer cosas por y recibir de gente que tenemos ms cerca, porque localmente es mucho ms fcil devolver favores. \r\n\r\nPuedes poner un anuncio pulsando "new post" (der). Para diferenciar si es algo que ofreces o que buscas, hay una casilla que debes marcar cuando el anuncio es por algo que buscas.\r\nPuedes ver los anuncios de otros si pulsas "feed" (izq) y despus "Posts" (arriba)\r\nPregntame si tienes alguna duda.	2011-11-17 14:46:40.314179+00	2011-11-17 14:46:40.317929+00	completed
27	122	45	10.00	Does it work? :)	2011-12-07 04:55:35.301815+00	2011-12-07 04:55:35.623563+00	completed
14	25	11	1.00	Thanks for introducing me to the complex world of Chess, Melissa!  (You are a fabulous teacher, btw.)   It was very good exercise for my brain :)  Hopefully we can play again.  Much love!	2011-11-17 16:48:26.137618+00	2011-11-17 16:48:26.14062+00	completed
15	79	32	1.00	por interesarse en modos alternativos de economia y a su vez informarme de este mundillo...	2011-11-18 08:11:26.860779+00	2011-11-18 08:11:27.147471+00	completed
16	25	2	1.00		2011-11-18 23:55:47.480557+00	2011-11-18 23:55:47.621276+00	completed
36	45	125	1.50	i do not understand how there's no trusted path...but for lunch <3	2011-12-28 07:44:56.417306+00	2011-12-28 07:44:56.433467+00	completed
17	85	32	1.00	Invitation	2011-11-21 08:19:54.899605+00	2011-11-21 08:19:54.901495+00	completed
28	144	140	1.00	Daniel let me participate in his Humandala workshop for trade of a permaculture lesson that we never fully got around to doing. Thanks Daniel :)	2011-12-21 18:38:20.481766+00	2011-12-21 18:38:20.503817+00	completed
18	32	85	1.00	Te has equivocado y me has dado una hora.\r\nPara darme crdito por una hora (un corazn) pero no la hora en s es endorse en vez de acknowledge.\r\nTe la devuelvo. Los acknowledge se los das a la gente cuando hacen algo por ti o te dan algo.	2011-11-21 08:24:00.723041+00	2011-11-21 08:24:00.725982+00	completed
19	5	4	3.00	For technical expertise and assistance in setting up a new wireless network.	2011-11-21 21:00:07.351525+00	2011-11-21 21:00:07.602641+00	completed
20	5	1	1.00	Providing safe transportation in inclement weather.	2011-11-21 21:16:21.07372+00	2011-11-21 21:16:21.075843+00	completed
21	2	5	1.00	For massages. Let's start acknowledging each other for massages and things. Love your tarot and scones posts. Love you so much.	2011-11-22 03:26:46.168449+00	2011-11-22 03:26:46.173527+00	completed
29	45	125	5.00	fetching bike.	2011-12-21 23:53:04.446972+00	2011-12-21 23:53:04.450154+00	completed
22	4	1	4.00	For shelter and logistical assistance during my relocation.	2011-11-22 23:04:50.558933+00	2011-11-22 23:04:50.579496+00	completed
23	2	25	1.00	Thanks for the coaching session, Nov 22	2011-11-23 18:51:38.840501+00	2011-11-23 18:51:38.842464+00	completed
24	2	25	1.00	Session Nov. 29/11 \r\n\r\nThank you!	2011-12-02 22:23:44.146208+00	2011-12-02 22:23:45.512985+00	completed
25	38	121	1.00	A masterful first dancing lesson!	2011-12-06 10:00:09.810639+00	2011-12-06 10:00:09.966644+00	completed
26	2	7	5.00	For help and food and general loveliness. Please let me know how I can help you. Massages, help at the office (pro bono) or anything else? x	2011-12-06 17:47:31.788229+00	2011-12-06 17:47:31.791463+00	completed
30	137	153	2.00	kochen	2011-12-26 13:44:11.596726+00	2011-12-26 13:44:11.613209+00	completed
31	37	1	9.95	This ack is a thank you for the work you have done bringing Ripple and Villages to the point it is.  I can back this ack at a rate of US$10.00 per hour if you ever need that but hope to find a way to keep it in Villages.\r\n\r\nThanks again Ryan!	2011-12-27 16:41:53.096894+00	2011-12-27 16:41:53.641995+00	completed
32	140	37	1.00	Ok, let's see how this works :-)	2011-12-27 20:23:50.144899+00	2011-12-27 20:23:50.166433+00	completed
37	140	75	2.00	Thank you for contributing to this project! I appreciate it very much. I hope these translations were interesting for you.	2011-12-28 18:45:04.379445+00	2011-12-28 18:45:04.401309+00	completed
33	37	140	1.00	Returning accidental acknowledgement.	2011-12-27 21:04:25.120324+00	2011-12-27 21:04:25.122748+00	completed
34	140	37	1.00	ok.. lets try again :-) hey.. can we trade a direct acknowledgement hour instead of $10?	2011-12-27 21:32:35.264039+00	2011-12-27 21:32:35.26934+00	completed
35	37	140	1.00	Sending back acknowledgement for now so that we're square.	2011-12-27 22:52:05.491918+00	2011-12-27 22:52:05.494408+00	completed
38	45	125	1.50	lunch <3	2011-12-28 19:18:19.018111+00	2011-12-28 19:18:19.083005+00	completed
39	140	32	2.00	Thanks for the translations.. I hope you enjoyed the content! Lets do more exchange in the future!	2011-12-29 18:05:27.886836+00	2011-12-29 18:05:27.965867+00	completed
40	45	125	1.10	lunch	2011-12-30 18:12:58.084954+00	2011-12-30 18:12:58.189717+00	completed
41	140	32	2.00	Try again :-)	2011-12-31 16:20:21.561985+00	2011-12-31 16:20:21.589846+00	completed
42	32	140	2.00	Undoing your direct acknowledgement	2011-12-31 18:09:38.078308+00	2011-12-31 18:09:38.099973+00	completed
45	172	118	1.00	I trust you.	2012-01-03 21:19:27.877909+00	2012-01-03 21:19:27.880493+00	completed
43	140	122	1.00	Thanks for the translation!	2012-01-02 22:05:00.138453+00	2012-01-02 22:05:00.157382+00	completed
44	144	37	0.44	Seth is sending me a book I've been looking for. I was so excited to see it on his list. Thanks!	2012-01-03 04:38:31.44391+00	2012-01-03 04:38:31.450362+00	completed
47	45	125	3.14	lunch + supper	2012-01-04 14:09:54.333674+00	2012-01-04 14:09:54.338848+00	completed
46	3	1	2.00	in payment for the leather rain slicker	2012-01-04 06:35:09.471614+00	2012-01-04 06:35:09.47365+00	completed
49	45	1	0.70	ripplepay	2012-01-06 00:45:14.948531+00	2012-01-06 00:45:14.974259+00	completed
48	125	45	1.00	back rub	2012-01-04 17:00:42.777349+00	2012-01-04 17:00:43.103428+00	completed
50	45	144	0.01	facilitating useful transaction	2012-01-06 00:55:09.243793+00	2012-01-06 00:55:09.31967+00	completed
51	45	1	0.17	enabling useful transaction, ripplepay	2012-01-18 00:26:38.759456+00	2012-01-18 00:26:39.029247+00	completed
52	45	1	2.20	facilitated useful transaction	2012-01-30 01:18:40.657488+00	2012-01-30 01:18:40.720469+00	completed
53	140	209	0.50	Thanks so much! that was so quick.. Super grateful!	2012-02-01 21:03:49.51415+00	2012-02-01 21:03:49.519986+00	completed
54	45	1	0.70	enabling useful transaction	2012-02-01 23:56:54.495291+00	2012-02-01 23:56:54.497229+00	completed
55	209	12	1.00	For helping us find new ways to connect and interact	2012-02-02 02:21:42.448947+00	2012-02-02 02:21:42.455801+00	completed
78	245	250	10.00	An hour saved is an hour earned.	2012-02-18 17:22:48.354417+00	2012-02-18 17:22:48.357785+00	completed
79	247	249	1000.00	Acknowledged. (Sorry, I'm outta hearts.)	2012-02-18 17:37:19.977812+00	2012-02-18 17:37:19.98413+00	completed
80	247	250	1000.00	Acknowledged. (Sorry, I'm outta hearts.)	2012-02-18 17:40:34.978316+00	2012-02-18 17:40:34.983729+00	completed
101	337	12	1.00	Super nice going so far. Here's to further Villages dev.	2012-03-17 14:09:33.425375+00	2012-03-17 14:09:33.460749+00	completed
81	245	251	1.00	Trusted acknowledgement of up to 1 hour is what it said I could send. Keep it in a safe place.	2012-02-18 18:22:22.33206+00	2012-02-18 18:22:22.334728+00	completed
82	245	253	10.00	Monty is a gentleman and a patriot.	2012-02-18 18:24:28.235629+00	2012-02-18 18:24:28.238896+00	completed
83	245	252	1.00	1 hour of trusted acknowlegement..	2012-02-18 18:25:34.675764+00	2012-02-18 18:25:34.69729+00	completed
102	356	140	1.00	:) thank u for helping with the grocery shopping and loan :) very appreciatted, cant wait to make that veggies soup for everyone :) yay!!!!!	2012-03-20 23:41:01.072996+00	2012-03-20 23:41:01.121608+00	completed
84	252	245	1.00		2012-02-18 18:26:26.002506+00	2012-02-18 18:26:26.004476+00	completed
85	253	245	10.00	Jonathan is doing great things.	2012-02-18 18:26:27.567042+00	2012-02-18 18:26:27.57+00	completed
86	245	253	1.00		2012-02-18 18:31:55.025944+00	2012-02-18 18:31:55.029631+00	completed
87	245	252	1.00		2012-02-18 18:33:06.611987+00	2012-02-18 18:33:06.614327+00	completed
103	140	232	1.50	Thanks for researching the twitter map options!	2012-03-21 17:59:21.907479+00	2012-03-21 17:59:21.948916+00	completed
88	140	246	4000.00	Please don't experiment with people you don't now.. this and your number of hours make me not trust you, these hours are totally worthless to me...	2012-02-19 17:23:57.837642+00	2012-02-19 17:23:57.839804+00	completed
89	231	140	1.50	Received an amazing rundown of the Mayan Calendar system and How I fit into their time modality. Recommend!	2012-02-21 23:42:35.48624+00	2012-02-21 23:42:35.521522+00	completed
118	406	418	1.00	Help with pet-sitting! Thank you	2012-05-21 02:18:39.698718+00	2012-05-21 02:18:39.700902+00	completed
90	45	1	3.85	facilitating a useful transaction	2012-02-23 14:00:32.791121+00	2012-02-23 14:00:32.817673+00	completed
91	278	12	1.00	This is a great idea!	2012-02-25 23:48:56.735119+00	2012-02-25 23:48:56.786782+00	completed
104	360	140	1.00	excellent work editing my novel!	2012-03-23 00:46:21.499725+00	2012-03-23 00:46:21.662296+00	completed
92	45	1	0.56	facilitating useful transaction	2012-02-28 07:05:02.092584+00	2012-02-28 07:05:02.141869+00	completed
93	140	326	1.50	Thanks for all the consultation, helping me with this social networking stuff!	2012-03-02 17:51:00.008681+00	2012-03-02 17:51:00.032625+00	completed
94	140	316	0.50	Thanks for putting together this great reference book! I appreciate and acknowledge the time you put into it. :-)	2012-03-03 06:06:00.158247+00	2012-03-03 06:06:00.227737+00	completed
95	329	140	2.00	Thanks for helping me move!	2012-03-03 20:36:47.664958+00	2012-03-03 20:36:47.685711+00	completed
96	232	140	3.00	helped me move stuff from storage.	2012-03-06 06:18:33.567174+00	2012-03-06 06:18:33.609903+00	completed
97	140	12	0.50	sending my dues.. lovin' you's... ;-)	2012-03-06 06:29:50.99135+00	2012-03-06 06:29:50.9935+00	completed
111	45	1	0.14	enabling useful transaction.	2012-04-12 04:01:56.085805+00	2012-04-12 04:01:56.336012+00	completed
98	140	12	0.50	sending my dues.. lovin' you's... ;-)	2012-03-06 06:30:13.117964+00	2012-03-06 06:30:13.121346+00	completed
99	336	140	0.50	thanks bro for hitch-hiking ride uphill empire grade [and wisdom share conversation along the way.] best wishes for success on your tours and endeavors spreading your wisdom and inspirations...	2012-03-08 19:13:47.231708+00	2012-03-08 19:13:47.260769+00	completed
105	140	361	1.00	Thanks for putting the time and energy into this project that you have, thus far.. I am really excited about our connection! Don't spend this hour all in one place ;-) There are a lot of things available on villages.. even a 3 d printer... hmm... maybe we make some imploders...	2012-03-23 00:55:50.273927+00	2012-03-23 00:55:50.281003+00	completed
100	140	231	2.00	For putting energy into this awesome project! Thanks!	2012-03-08 23:47:24.651144+00	2012-03-08 23:47:24.654159+00	completed
106	45	1	0.71	facilitating useful transaction	2012-03-25 00:35:54.528475+00	2012-03-25 00:35:54.572874+00	completed
112	37	144	0.25	Thanks for the lists of things you can use.  I think people saying how people can help them is one of the keys to kickstarting activity on Villages.	2012-04-13 06:11:17.327133+00	2012-04-13 06:11:17.329906+00	completed
107	337	336	1.00	Who knows, I might have eaten fruit off a tree you planted on the West Coast! Keep on keepin' on, man.	2012-03-30 11:46:20.254756+00	2012-03-30 11:46:20.370048+00	completed
108	372	359	3.00	hours of education in the "free exchange market system"	2012-04-04 19:57:37.12428+00	2012-04-04 19:57:37.213381+00	completed
109	140	37	0.25	Thanks for looking into maps for me! :-)	2012-04-05 04:38:56.902268+00	2012-04-05 04:38:56.944249+00	completed
110	37	372	0.10	Thanks for listing 10 things you can use!  I'll read them later and see if there's anything I can help with, but I wanted to acknowledge your effort right away.	2012-04-06 02:03:05.256138+00	2012-04-06 02:03:05.36574+00	completed
119	424	428	1.00	turnip and spinach -- yum!	2012-05-21 23:23:09.465908+00	2012-05-21 23:23:09.469689+00	completed
113	45	144	0.01	10 things	2012-04-19 02:41:48.575362+00	2012-04-19 02:41:48.577505+00	completed
114	401	140	2.00		2012-05-01 01:33:27.863421+00	2012-05-01 01:33:27.867034+00	completed
115	378	140	2.00	Healing through Acro-Yoga and EFT	2012-05-10 22:13:31.197887+00	2012-05-10 22:13:31.202804+00	completed
116	422	140	1.00	WOOHOO!!!!	2012-05-13 20:11:31.497485+00	2012-05-13 20:11:31.505175+00	completed
117	406	424	1.00	Thanks from me, but also from my cat (Tabi)!  If I ever teach her to use alternative currencies, I'm sure she will give back.	2012-05-16 03:14:18.111281+00	2012-05-16 03:14:18.114537+00	completed
123	140	356	1.00	Thanks for the translation!! Love ya!	2012-05-25 01:50:22.936632+00	2012-05-25 01:50:22.939708+00	completed
120	406	423	1.00	Thanks for the music!  You are a maker of fine mixes for sonic expansion.	2012-05-21 23:45:17.873534+00	2012-05-21 23:45:17.877972+00	completed
121	427	140	1.00	Looking forward to another tuesday gathering some day soon.	2012-05-22 19:21:54.146322+00	2012-05-22 19:21:54.148993+00	completed
122	438	140	1.00	Thanks for the healing session...realigning with nature:)	2012-05-23 20:57:07.430995+00	2012-05-23 20:57:07.43502+00	completed
125	140	361	1.00	Thanks for helping with all these rad projects! Here is a gift of time energy! Don't spend it all in one place... ;-)	2012-05-30 17:21:30.934809+00	2012-05-30 17:21:30.937256+00	completed
124	140	157	0.50	A gift of time energy! Because you are awesome! ! Thanks for always being available and offering healing to everyone!	2012-05-30 17:18:25.219413+00	2012-05-30 17:18:25.330581+00	completed
126	140	12	0.50	I'm in abundance and going on a gift rampage! Thanks for all the fish ;-)	2012-05-30 17:26:32.961603+00	2012-05-30 17:26:32.964067+00	completed
127	429	412	2.00	I had an amazing talk with Amanda about Astrology. She is super knowledgeable and comfortable with it. She prepared my natal charts and walked me through them. The knowledge and information from Astrology is powerful. I feel it will help me as I move forward. Thank you Amanda!!!	2012-05-31 02:21:07.395118+00	2012-05-31 02:21:07.398517+00	completed
128	449	12	1.00	New to this. :)	2012-06-07 03:24:20.16923+00	2012-06-07 03:24:20.203286+00	completed
129	450	449	1.00	test	2012-06-07 03:42:02.24363+00	2012-06-07 03:42:02.246585+00	completed
130	449	450	1.00	test	2012-06-07 03:47:10.503302+00	2012-06-07 03:47:10.506314+00	completed
131	140	453	1.00	Thanks for looking a the game with me! I super value your time and energy!	2012-06-07 23:04:16.377886+00	2012-06-07 23:04:16.380431+00	completed
132	429	412	2.00	Continued guidance through my astrological charts with Amanda. Thank you for making it accessible and powerful for me!	2012-06-21 23:16:11.353096+00	2012-06-21 23:16:11.356497+00	completed
133	140	361	1.00	Stoked on the layout design! This will make HuMandalas very accessible and easy to learn! Thank You so much!!!	2012-06-26 05:12:41.806395+00	2012-06-26 05:12:41.808618+00	completed
134	140	378	1.00	Thanks for all the herbs!! Super stoked! Love you!	2012-06-28 04:50:04.798351+00	2012-06-28 04:50:04.800812+00	completed
160	512	509	1.00	Thanks for the exhaustive and clear explanation of what goes on here! Looking forward to the experiment	2012-08-07 02:54:01.672179+00	2012-08-07 02:54:01.675907+00	completed
135	32	37	2.00	Thank you for running my program. You've been patient.	2012-07-02 15:49:08.035028+00	2012-07-02 15:49:08.038228+00	completed
136	45	1	0.02	facilitating useful transaction	2012-07-07 17:03:57.990449+00	2012-07-07 17:03:57.993246+00	completed
176	509	502	1.20	For creative services rendered - thanks!	2012-08-08 18:15:35.322533+00	2012-08-08 18:15:35.325616+00	completed
137	45	1	0.07	facilitating useful transaction	2012-07-07 19:14:40.152736+00	2012-07-07 19:14:40.155157+00	completed
161	518	508	3.00	For last week's playtest session. Also, just to get this thing flowing.	2012-08-07 04:15:52.151768+00	2012-08-07 04:15:52.154536+00	completed
139	468	140	0.50	sharing acro yoga yumminess	2012-07-09 20:17:13.818628+00	2012-07-09 20:17:13.822028+00	completed
140	470	140	3.00	I aint yo joint girl no moe! THANKS FOR THE RIDE YAAAAY.	2012-07-09 20:45:20.153936+00	2012-07-09 20:45:20.157481+00	completed
141	140	482	1.00	A gift of pure energy..	2012-07-18 19:06:40.130165+00	2012-07-18 19:06:40.162734+00	completed
142	37	45	0.50	I would like 3 tickets for your raffle, please, if tickets are still available.\r\n\r\nThanks!	2012-07-20 07:08:34.002188+00	2012-07-20 07:08:34.005136+00	completed
170	525	509	0.50	Translation of "adventure kernels" from Fables of Camelot.	2012-08-07 23:31:57.139463+00	2012-08-07 23:31:57.142593+00	completed
143	45	1	0.03	misc	2012-07-21 20:07:37.784781+00	2012-07-21 20:07:37.787984+00	completed
162	502	509	2.00	Let's get this experiment underway. Your explanation on Story Games was enlightening. I want to pay you for it, just like you jokingly suggested.\r\n\r\nIn return, I can help with design or motion graphics, perhaps. I also run playtests once a month in London and I'm an enthusiastic wall for ideas.	2012-08-07 08:04:01.630583+00	2012-08-07 08:04:01.633644+00	completed
144	45	1	0.04		2012-07-21 20:24:34.306533+00	2012-07-21 20:24:34.309834+00	completed
145	488	489	1.00		2012-07-23 02:39:10.94013+00	2012-07-23 02:39:10.94268+00	completed
146	489	488	1.00		2012-07-23 02:41:21.329365+00	2012-07-23 02:41:21.33317+00	completed
147	490	489	1.00		2012-07-23 02:56:45.748997+00	2012-07-23 02:56:45.757712+00	completed
163	506	37	3.00		2012-08-07 17:51:48.053923+00	2012-08-07 17:51:48.063897+00	completed
148	489	490	1.00		2012-07-23 02:58:25.558406+00	2012-07-23 02:58:25.561794+00	completed
149	490	488	1.00		2012-07-23 03:11:43.90687+00	2012-07-23 03:11:43.909775+00	completed
164	45	1	14.05	facilitating useful transaction	2012-08-07 18:15:44.919946+00	2012-08-07 18:15:44.925161+00	completed
150	488	490	1.00		2012-07-23 03:14:46.232226+00	2012-07-23 03:14:46.234733+00	completed
151	493	492	1.00		2012-07-23 09:23:21.020752+00	2012-07-23 09:23:21.03207+00	completed
152	492	493	1.00	am returning your ice cream favor	2012-07-23 09:26:06.471041+00	2012-07-23 09:26:06.473948+00	completed
153	493	492	1.00	for chocolates you're giving away	2012-07-23 09:47:34.935471+00	2012-07-23 09:47:34.940105+00	completed
154	492	493	1.00	to reciprocate your having given chocolates	2012-07-23 09:49:31.502809+00	2012-07-23 09:49:31.505226+00	completed
165	509	502	0.20	I'm testing whether the system allows me to send fractional hours.	2012-08-07 18:38:45.867613+00	2012-08-07 18:38:45.870337+00	completed
156	32	12	1.00	Translations bounty	2012-07-30 20:28:35.515064+00	2012-07-30 20:28:35.525088+00	completed
177	509	515	2.00	For creative services rendered - thanks!	2012-08-08 18:16:08.864912+00	2012-08-08 18:16:08.882122+00	completed
157	32	37	1.00	Translations bounty	2012-07-30 20:33:12.699999+00	2012-07-30 20:33:12.703873+00	completed
166	509	530	1.00	For creative services rendered - thanks!	2012-08-07 20:08:51.966231+00	2012-08-07 20:08:51.970432+00	completed
158	45	1	0.67	enabling useful transaction	2012-08-05 19:29:57.962153+00	2012-08-05 19:29:57.965433+00	completed
159	45	1	14.84	enabling useful transactions	2012-08-05 19:33:58.342887+00	2012-08-05 19:33:58.348935+00	completed
171	526	537	1.00	Help with my cv	2012-08-08 07:45:41.997609+00	2012-08-08 07:45:42.000332+00	completed
167	509	517	1.00	For creative services rendered - thanks!	2012-08-07 20:13:19.687816+00	2012-08-07 20:13:19.691343+00	completed
168	509	533	1.20	For creative services rendered - thanks!	2012-08-07 21:05:10.429499+00	2012-08-07 21:05:10.433826+00	completed
169	533	509	0.30	For detailed explanation of Villages system	2012-08-07 22:06:04.11734+00	2012-08-07 22:06:04.120666+00	completed
172	526	537	1.00	Help with my cv	2012-08-08 08:21:20.446779+00	2012-08-08 08:21:20.450785+00	completed
178	508	509	1.50	Thanks for running through the Getting There in Time adventure prep.	2012-08-08 21:16:21.531989+00	2012-08-08 21:16:21.535252+00	completed
173	502	518	0.25	Lance offered to help with a project despite real life commitments. Kudos.	2012-08-08 16:17:26.542441+00	2012-08-08 16:17:26.545479+00	completed
174	502	518	0.25	Lance offered to help with a project despite real life commitments. Kudos.	2012-08-08 16:19:01.079984+00	2012-08-08 16:19:01.083681+00	completed
175	509	502	1.20	For creative services rendered - thanks!	2012-08-08 18:14:03.542887+00	2012-08-08 18:14:03.546112+00	completed
183	140	549	2.00	Thank you so much for the sweet drawing.. love it so much!!	2012-08-09 02:02:31.333986+00	2012-08-09 02:02:31.336718+00	failed
179	509	508	1.00	For creative services rendered - thanks!	2012-08-08 22:33:10.317088+00	2012-08-08 22:33:10.320479+00	completed
187	518	524	1.00	Helped me with a Life Path for Mage Blade	2012-08-09 23:17:22.891131+00	2012-08-09 23:17:22.894025+00	completed
180	80	45	1.00		2012-08-09 01:23:22.605439+00	2012-08-09 01:23:22.607815+00	completed
181	80	45	1.00		2012-08-09 01:24:46.0894+00	2012-08-09 01:24:46.094814+00	completed
186	518	550	2.00	Helped me with a Life Path for Mage Blade, and some good clarifying questions.	2012-08-09 23:13:22.308844+00	2012-08-09 23:13:22.311741+00	completed
182	140	549	2.00	Thank you so much for the sweet drawing.. love it so much!!	2012-08-09 02:01:30.17633+00	2012-08-09 02:01:30.179311+00	completed
184	509	512	1.00	For creative services rendered - thanks!	2012-08-09 12:33:39.256581+00	2012-08-09 12:33:39.259654+00	completed
185	518	530	3.00	Assisted me with some Life Paths for Mage Blade.	2012-08-09 23:10:16.703226+00	2012-08-09 23:10:16.707482+00	completed
189	518	527	4.00	Peter helped me with some Life Paths for Mage Blade, and asked some good clarifying questions.	2012-08-10 02:45:38.847232+00	2012-08-10 02:45:38.85057+00	completed
188	518	533	7.00	Christopher helped me with several Life Paths for Mage Blade	2012-08-10 00:17:29.706721+00	2012-08-10 00:17:29.709488+00	completed
190	509	520	1.00	For creative services rendered - thanks!	2012-08-10 03:51:56.579888+00	2012-08-10 03:51:56.582308+00	completed
191	509	555	0.20	I was consolidating my take from the random encounter thread and realized that I hadn't paid you yet.	2012-08-10 10:18:42.142092+00	2012-08-10 10:18:42.14542+00	completed
192	533	518	4.00	Refunding to make previous payment more reasonable.  (And see what happens to the networked numbers...)	2012-08-10 15:10:58.222445+00	2012-08-10 15:10:58.225789+00	completed
193	525	540	0.50	Per la citazione sui grilli.	2012-08-10 15:35:32.950919+00	2012-08-10 15:35:32.954269+00	completed
194	518	527	3.00	Peter knocked out 3 more Life Paths for Mage Blade	2012-08-10 15:51:39.075511+00	2012-08-10 15:51:39.078677+00	completed
195	45	1	8.00	fixing 2 bugs because of my whining.  Had I fixed it, that would have been at *least* 8 hours.	2012-08-11 00:03:18.360233+00	2012-08-11 00:03:18.365252+00	completed
196	563	523	1.00	Nom!	2012-08-12 16:07:45.702377+00	2012-08-12 16:07:45.746107+00	completed
220	573	578	3.00	Emmett created submitted art for my project in a very professional and expeditious manner.	2012-08-24 21:19:47.296029+00	2012-08-24 21:19:47.300531+00	completed
197	523	563	1.00	Thanks for the great portrait photo.	2012-08-12 19:27:32.099089+00	2012-08-12 19:27:32.103585+00	completed
198	527	529	1.00		2012-08-14 02:47:46.115492+00	2012-08-14 02:47:46.118474+00	completed
236	597	599	10.00	He recibido 10 horas de clase de ingls.	2012-09-04 01:25:51.840225+00	2012-09-04 01:25:51.846161+00	completed
199	509	555	1.00	For creative services rendered - thanks!	2012-08-14 14:42:32.687151+00	2012-08-14 14:42:32.689477+00	completed
221	578	573	3.00	Ryan overpaid. We're still getting used to this thing. Thanks Ryan.	2012-08-24 21:49:12.345977+00	2012-08-24 21:49:12.34875+00	completed
200	509	504	0.60	For creative services rendered - thanks!	2012-08-14 14:44:51.26022+00	2012-08-14 14:44:51.262719+00	completed
201	527	502	1.00		2012-08-14 17:38:28.029715+00	2012-08-14 17:38:28.032759+00	completed
202	509	510	1.00	For creative services rendered - thanks!	2012-08-14 21:35:07.783798+00	2012-08-14 21:35:07.787067+00	completed
203	529	569	1.00	Andreas provided some great feedback for the book as well as offering advice and perhaps future services in regards to it.	2012-08-15 11:12:58.598976+00	2012-08-15 11:12:58.604361+00	completed
222	508	573	1.00	For testing the adventure prep procedures in Getting There in Time (let me know if it was more than an hour of effort and I'll acknowledge more)	2012-08-25 00:27:22.470038+00	2012-08-25 00:27:22.473274+00	completed
204	527	569	1.00		2012-08-15 13:52:08.697647+00	2012-08-15 13:52:08.701192+00	completed
205	535	527	7.00	Thanks for the good words!  Totally the kind of thing I needed to hear, and it gives me a good idea of what needs to change.	2012-08-15 16:59:03.956955+00	2012-08-15 16:59:03.966143+00	completed
206	527	535	7.00		2012-08-15 18:02:28.651271+00	2012-08-15 18:02:28.655639+00	completed
207	535	527	7.00	Trusted this time, and thanks again.	2012-08-15 18:16:34.281386+00	2012-08-15 18:16:34.284109+00	completed
208	527	520	1.00		2012-08-16 01:33:38.596742+00	2012-08-16 01:33:38.59982+00	completed
223	37	509	0.20	Thank you for your awesome writeup!	2012-08-28 18:00:33.920013+00	2012-08-28 18:00:33.973787+00	completed
209	508	529	1.00	Thanks for testing my adventure prep procedure. (Let me know if it took much more than an hour of effort, I want to pay fairly).	2012-08-16 16:25:37.776729+00	2012-08-16 16:25:37.780033+00	completed
210	527	532	4.00	Thank you!	2012-08-17 00:21:01.007824+00	2012-08-17 00:21:01.011878+00	completed
237	527	550	4.00	Thanks for playing! :)	2012-09-04 17:46:35.187568+00	2012-09-04 17:46:35.190478+00	completed
211	550	509	2.00	Read my game text and partially answered the question I had asked, but also gave other useful comments.	2012-08-18 19:02:20.860898+00	2012-08-18 19:02:20.863851+00	completed
224	599	595	1.00		2012-08-28 20:53:32.302461+00	2012-08-28 20:53:32.305412+00	completed
212	578	510	1.00	I'm still trying to figure out how this works.	2012-08-20 19:53:00.697917+00	2012-08-20 19:53:00.729901+00	completed
213	562	508	1.00	Playtest report for Haunted - thanks! Very helpful!	2012-08-21 01:25:18.493193+00	2012-08-21 01:25:18.49777+00	completed
214	502	536	3.00	For services rendered on Conventions of War.	2012-08-21 13:58:32.350444+00	2012-08-21 13:58:32.353249+00	completed
215	45	1	4.34	enabling useful transaction	2012-08-21 16:05:12.2659+00	2012-08-21 16:05:12.271212+00	completed
216	45	1	4.38	enabling useful transactions.	2012-08-22 20:48:27.858139+00	2012-08-22 20:48:27.863278+00	completed
217	45	1	1.33	enabling useful transaction	2012-08-23 12:57:54.079466+00	2012-08-23 12:57:54.084761+00	completed
218	562	553	1.00	Haunted playtest report. Thanks!	2012-08-23 19:21:28.569934+00	2012-08-23 19:21:28.575722+00	completed
225	599	598	1.00		2012-08-28 20:53:54.819218+00	2012-08-28 20:53:54.828553+00	completed
219	573	578	3.00	Emmett completed and submitted artwork for my project in a very timely manner.	2012-08-24 21:08:54.902562+00	2012-08-24 21:08:54.905351+00	completed
226	140	263	2.00	Thanks for help with food!	2012-08-30 23:19:21.536704+00	2012-08-30 23:19:21.573602+00	completed
227	518	551	17.00	22 Life Paths created for Mage Blade.	2012-09-01 04:42:14.089991+00	2012-09-01 04:42:14.093012+00	completed
228	518	551	5.00	the remainder of the acknowledged debt	2012-09-01 04:43:03.996876+00	\N	pending
229	518	500	4.00	Darin created 4 Life Paths for Mage Blade; I do not have a trusted relationship, and Villages will not allow me to endorse him, so I'm sending it Direct.	2012-09-01 04:47:52.37297+00	\N	pending
230	518	500	4.00	Darin created 4 Life Paths for Mage Blade; I do not have a trusted relationship, and Villages will not allow me to endorse him, so I'm sending it Direct.	2012-09-01 04:47:56.231873+00	\N	pending
231	518	551	5.00	Remainder of payment for created Life Paths.	2012-09-01 04:52:51.870878+00	\N	pending
232	1	45	0.10	Getting some errors, testing :)	2012-09-01 05:28:52.340762+00	2012-09-01 05:28:52.344263+00	completed
238	518	551	5.00	The remainder of my debt to Mendel.	2012-09-04 23:39:27.840582+00	2012-09-04 23:39:27.844119+00	completed
233	502	521	1.50		2012-09-02 19:26:50.604139+00	2012-09-02 19:26:50.607012+00	completed
234	140	1	0.10	Thanks for making an acknowledge link	2012-09-03 02:57:47.417121+00	2012-09-03 02:57:47.424478+00	completed
235	599	597	5.00		2012-09-04 01:23:54.526841+00	2012-09-04 01:23:54.532861+00	completed
239	518	500	4.00	Darin created some lifepaths for Mage Blade for me.	2012-09-04 23:40:30.273089+00	2012-09-04 23:40:30.501918+00	completed
240	539	536	2.00	Edit and review game text.	2012-09-06 01:38:04.641261+00	2012-09-06 01:38:04.882168+00	completed
244	550	509	1.00	Half an hour for the trips to Tracon and for organising the gaming on demand over there.\r\n\r\nHalf an hour for helping out Antti Eronen with his game design.	2012-09-10 07:53:20.648567+00	2012-09-10 07:53:20.651628+00	completed
241	45	37	2.00	merci/thanks for making villages work with multiple languages	2012-09-10 01:20:23.193199+00	2012-09-10 01:20:23.196468+00	completed
242	45	1	30.00	Villages source code.	2012-09-10 01:32:03.432858+00	2012-09-10 01:32:03.439486+00	completed
246	579	140	11.00	Thanks for everything! Especially your patience on my getting you these hours ! I'm figuring it out little by little ! You did a great job on the website, bless your journey!!!	2012-09-11 04:01:00.016193+00	2012-09-11 04:01:00.025741+00	completed
243	45	32	2.00	villages source.	2012-09-10 01:34:41.088242+00	2012-09-10 01:34:41.09072+00	completed
247	45	503	0.50	pretty sure it was you who actually alerted me first about the source code...	2012-09-11 18:44:50.175196+00	2012-09-11 18:44:50.179089+00	completed
245	45	37	1.85	Thanks for finding that link, even if you weren't the first to it!	2012-09-10 10:52:59.752196+00	2012-09-10 10:52:59.755348+00	completed
248	45	503	1.75	thanks again, that would have saved me tons of reading to find that	2012-09-11 23:55:53.088884+00	2012-09-11 23:55:53.368039+00	completed
249	140	45	2.00		2012-09-12 01:21:23.453584+00	2012-09-12 01:21:23.455988+00	completed
250	140	622	1.00	Thanks for your help in brainstorming.. I've been working on this project for a year and you gave me insights that I have never had before in a minute speaking to you.. Wow! Love the love you are!	2012-09-19 19:36:09.809979+00	2012-09-19 19:36:09.814022+00	completed
251	140	407	1.00	Thanks for hosting all of us! One love! You rock!	2012-09-21 16:30:55.435159+00	2012-09-21 16:30:55.439962+00	completed
252	32	37	1.00	Thank you for your patience running my program again.	2012-09-30 15:25:27.262557+00	2012-09-30 15:25:27.266537+00	completed
253	45	106	1.00	computer	2012-10-10 17:35:23.70022+00	2012-10-10 17:35:23.703427+00	completed
254	45	106	5.50	for computer	2012-10-10 17:37:15.214547+00	2012-10-10 17:37:15.236088+00	completed
255	500	460	1.00	Vladir has begun work on my site and has put in a lot of effort already to ensure this will be a well crafted site.	2012-10-13 00:16:14.876785+00	2012-10-13 00:16:14.883375+00	completed
290	140	719	2.00	Thanks for helping in the garden and writing the article!	2013-05-31 19:29:34.201221+00	2013-05-31 19:29:34.203508+00	completed
256	140	621	1.00	Thanks for the ride!	2012-10-16 18:45:27.864768+00	2012-10-16 18:45:27.86842+00	completed
257	500	45	2.00	Nice work on the 2 hour Terry Fox Run.	2012-10-25 05:52:20.362558+00	2012-10-25 05:52:20.368393+00	completed
277	37	45	0.80	If it ended up costing more, just let me know.  Thanks!	2013-03-12 00:31:08.364236+00	2013-03-12 00:31:08.394638+00	completed
258	140	329	2.00	Oh yea.. thanks for the tastey herbs.. yumm	2012-11-05 18:01:07.64146+00	2012-11-05 18:01:07.671147+00	completed
259	80	45	170.00	This man is a Life save and the closest think to Santa you will ever know. you can count on him no matter what happens in your life!	2012-11-28 01:29:42.731805+00	2012-11-28 01:29:42.735203+00	completed
260	80	45	55.00	the world should have more people like this man!	2012-11-28 01:33:17.282175+00	2012-11-28 01:33:17.294439+00	completed
261	80	45	170.00		2012-11-30 23:20:05.493513+00	2012-11-30 23:20:05.503952+00	completed
262	45	12	5.95	enabling useful transaction	2012-11-30 23:48:07.44971+00	2012-11-30 23:48:07.455186+00	completed
263	140	661	3.00	Thanks for the hosting service, bro! Stoked to be hosting my site on trusted servers!	2012-12-12 20:18:16.451642+00	2012-12-12 20:18:16.456377+00	completed
264	140	661	1.00		2012-12-12 20:19:07.812601+00	2012-12-12 20:19:07.817999+00	completed
278	45	36	1.00	enjoy!	2013-03-25 02:04:39.316994+00	2013-03-25 02:04:39.36186+00	completed
265	503	45	2.25		2013-01-03 08:18:16.620536+00	2013-01-03 08:18:16.623641+00	completed
266	407	140	2.00	This is because Daniel is such a crazy super hippie gemini genius goober goof. And he watched Elia so I could ride. Big ups brother man!	2013-01-06 03:53:27.256694+00	2013-01-06 03:53:27.260023+00	completed
279	532	509	1.00	Thanks for the proofreading. I really appreciate it.	2013-04-02 15:39:54.891426+00	2013-04-02 15:39:54.897531+00	completed
267	674	140	6.00	12 hours total\r\n6 at $20/hr totaling $120 owed\r\n+6 hours villages time	2013-01-16 07:19:54.994039+00	2013-01-16 07:19:54.997098+00	completed
268	500	32	1.00	Will trade 1 hour trusted acknowledge for 2500 Freicoin. My address: 1FrTZB2zHwVc24A8bm4hgB2q1QZT3HZEDL	2013-01-27 12:36:43.194697+00	2013-01-27 12:36:43.197411+00	completed
269	140	680	1.00	A gift because I appreciate the work you do for humanity.	2013-02-10 20:59:30.731634+00	2013-02-10 20:59:30.736138+00	completed
270	45	106	2.15	hopefully that's enough to cover supper	2013-02-12 05:18:33.94313+00	2013-02-12 05:18:33.949986+00	completed
271	45	122	0.03	bitcoin	2013-02-15 15:54:25.929326+00	2013-02-15 15:54:25.93192+00	completed
272	500	460	30.00	Vladir has put in a lot of time so far on the http://www.indiegogo.com/projects/montessori-observation-montessori-secondary-albums/x/2021145	2013-02-18 15:44:35.419383+00	2013-02-18 15:44:35.424854+00	completed
280	140	360	0.50	Thanks for taking care of the hot tub... ohh yea	2013-04-05 00:14:40.938883+00	2013-04-05 00:14:40.942813+00	completed
273	500	503	1.00	Thanks for the link.	2013-02-18 15:46:13.146165+00	2013-02-18 15:46:13.148816+00	completed
274	503	500	1.00	I don't use Villages as real system, so this hour more matter for you :) Anyway I don't remember about which link you are wrote	2013-02-18 18:08:37.967584+00	2013-02-18 18:08:37.970137+00	completed
291	140	579	1.00	Thanks for the lumerian crystal	2013-06-11 17:58:25.075438+00	2013-06-11 17:58:25.116851+00	completed
275	45	122	0.07	for experimenting with yootles :)	2013-02-23 17:52:26.742758+00	2013-02-23 17:52:26.74723+00	completed
281	700	509	0.20	Eero spent quite a bit of time giving excellent descriptions of how Villages and Ripple works. Without those, I wouldn't have bothered to try this place out.	2013-04-11 19:26:01.783682+00	2013-04-11 19:26:01.786764+00	completed
276	661	140	4.00	refund	2013-03-06 07:00:40.598166+00	2013-03-06 07:00:40.601532+00	completed
282	532	37	2.00	Thank you for the proofreading.	2013-04-12 12:00:12.253763+00	2013-04-12 12:00:12.542499+00	completed
283	707	509	1.00		2013-04-18 07:48:10.652952+00	2013-04-18 07:48:10.884527+00	completed
284	708	140	10.00	web site	2013-04-20 02:24:30.056186+00	2013-04-20 02:24:30.070921+00	completed
298	45	693	1.00	ripple union investment, whatever this is worth.	2014-01-24 08:35:24.507931+00	2014-01-24 08:35:24.563562+00	completed
285	140	708	7.00	1 bottle of StemEnhance SE2	2013-04-20 02:38:22.701071+00	2013-04-20 02:38:22.704195+00	completed
292	140	579	1.00	An extra gift in thanks for hosting us last night.. was great to see you	2013-06-11 20:27:03.641386+00	2013-06-11 20:27:03.647673+00	completed
286	550	45	2.10	Exchanged bitcoins for village hours. Jeff replied promptly and there were no problems whatsoever.	2013-04-22 06:20:08.150203+00	2013-04-22 06:20:08.191218+00	completed
287	45	714	1.00	Trying to stay outside of the system.  Not going to be able to do that without some help from the internet.	2013-04-26 17:34:09.874278+00	2013-04-26 17:34:10.086174+00	completed
288	708	140	4.00		2013-05-01 02:09:34.73726+00	2013-05-01 02:09:34.739671+00	completed
293	722	36	1.00		2013-06-15 14:33:30.570347+00	2013-06-15 14:33:30.575173+00	completed
289	725	45	60.00		2013-05-27 03:46:52.146814+00	2013-05-27 03:46:52.149155+00	completed
299	740	763	1.00	Thanks for helping me figure Villages out!	2014-02-07 18:01:54.295252+00	2014-02-07 18:01:54.607264+00	completed
294	730	355	42.00		2013-07-23 20:03:50.175233+00	2013-07-23 20:03:50.186611+00	completed
295	450	449	1.00	Thanks :)	2013-10-25 23:03:29.570726+00	2013-10-25 23:03:29.581466+00	completed
296	140	738	1.00	Thanks for all the help!	2013-10-30 19:02:46.868806+00	2013-10-30 19:02:46.874211+00	completed
300	763	740	0.50	Half an hour of Direct acknowledgement	2014-02-07 19:20:35.197766+00	2014-02-07 19:20:35.205002+00	completed
297	719	739	2.00	Charlene is super tuned in, very efficient organizer and productive Light Barer. Shes very thoughtful and emanates timeless wisdom. A very ital, lovely, sacred sistar! I trust her .	2013-11-15 19:15:21.667573+00	2013-11-15 19:15:21.670019+00	completed
306	740	763	1.00		2014-02-07 19:42:55.96549+00	2014-02-07 19:42:55.971541+00	completed
301	763	740	0.50	Half an hour of Trusted acknowledgement	2014-02-07 19:20:54.069609+00	2014-02-07 19:20:54.07215+00	completed
302	740	763	0.50		2014-02-07 19:22:03.478197+00	2014-02-07 19:22:03.506375+00	completed
303	740	763	0.50		2014-02-07 19:23:03.841405+00	2014-02-07 19:23:03.851965+00	completed
304	740	764	1.00		2014-02-07 19:37:20.996441+00	2014-02-07 19:37:21.000852+00	completed
307	764	763	2.00	two hours  elle to leslie	2014-02-07 19:50:26.718842+00	2014-02-07 19:50:26.725613+00	completed
305	764	740	1.00	Thanks for the great massage!	2014-02-07 19:39:48.262246+00	2014-02-07 19:39:48.264736+00	completed
308	763	740	1.00	trusted  - acknowledging that i received a massage	2014-02-07 19:59:53.030779+00	2014-02-07 19:59:53.033773+00	completed
309	763	740	1.00	another trusted hour for a second massage	2014-02-07 20:01:50.264208+00	2014-02-07 20:01:50.266935+00	completed
310	740	765	1.00	thanks for nothing;)	2014-02-07 20:09:24.315139+00	2014-02-07 20:09:24.595581+00	completed
311	765	764	2.00		2014-02-07 20:21:25.071371+00	2014-02-07 20:21:25.077213+00	completed
312	764	765	2.00		2014-02-07 20:23:28.748332+00	2014-02-07 20:23:28.753531+00	completed
313	763	764	2.00		2014-02-07 20:24:52.816881+00	2014-02-07 20:24:52.821357+00	completed
314	740	765	1.00		2014-02-07 20:27:18.200924+00	2014-02-07 20:27:18.205157+00	completed
315	765	740	2.00		2014-02-07 20:29:30.394871+00	2014-02-07 20:29:30.400512+00	completed
316	765	740	1.00		2014-02-07 20:39:21.540089+00	2014-02-07 20:39:21.545998+00	completed
317	765	740	1.00		2014-02-07 20:39:47.695719+00	2014-02-07 20:39:47.697906+00	completed
318	740	765	1.00		2014-02-07 20:41:53.53296+00	2014-02-07 20:41:53.535378+00	completed
319	764	765	1.00		2014-02-07 20:43:13.032567+00	2014-02-07 20:43:13.035931+00	completed
320	763	740	1.00		2014-02-07 20:45:20.448428+00	2014-02-07 20:45:20.450774+00	completed
321	740	763	2.00		2014-02-07 20:45:40.969315+00	2014-02-07 20:45:40.971503+00	completed
322	740	764	1.00		2014-02-07 20:46:36.63618+00	2014-02-07 20:46:36.639518+00	completed
323	763	740	1.00		2014-02-07 20:47:50.377562+00	2014-02-07 20:47:50.380251+00	completed
324	770	653	1.00	Hi Andrew! I am planning to have a ripple gateway\r\nin UK.  I know how the ripple networks generally but I dont have the coding skill or knowledge about \r\nwebsite development. Maybe you could offer some help or you and I could be part of this venture?  bahmak2004(at)gmail.com	2014-02-18 00:41:01.076203+00	2014-02-18 00:41:01.664151+00	completed
325	45	106	1.00	retrieved some info for me.	2014-02-25 03:17:27.844256+00	2014-02-25 03:17:27.850226+00	completed
399	813	140	3.00		2016-12-10 20:55:59.551172+00	2016-12-10 20:55:59.601654+00	completed
326	773	740	5.00	Thanks Jason. I'm not sure how this pays you for your help, but thanks.	2014-03-04 18:34:33.416395+00	2014-03-04 18:34:33.418891+00	completed
327	37	45	0.10		2014-04-02 04:48:06.445482+00	2014-04-02 04:48:06.448824+00	completed
328	45	1	2.00	Thanks for fixing ripplepay's heartbleed issue!	2014-04-10 17:06:57.302264+00	2014-04-10 17:06:57.306291+00	completed
329	45	1	22.00	fixing heartbleed issue!	2014-04-10 17:07:25.817873+00	2014-04-10 17:07:25.828456+00	completed
330	45	106	0.50	blog is important information	2014-04-21 23:00:00.111092+00	2014-04-21 23:00:00.116876+00	completed
331	793	792	1.00	thanks for the kite lesson!	2014-06-02 04:08:25.496994+00	2014-06-02 04:08:25.503184+00	completed
332	45	796	0.20	quote	2014-06-21 04:53:42.892966+00	2014-06-21 04:53:43.072272+00	completed
355	45	677	1.00	expert help with halloween costume :)	2016-10-04 21:01:21.339475+00	2016-10-04 21:01:21.398048+00	completed
333	693	45	15.00		2015-06-27 17:36:04.385974+00	2015-06-27 17:36:04.441016+00	completed
334	804	45	5.00	Jeff Cliff is a great, trustworthy person.	2015-08-15 16:56:42.73827+00	2015-08-15 16:56:42.816314+00	completed
335	748	389	1.00	Labas, testavimas	2015-10-11 13:30:57.472597+00	2015-10-11 13:30:57.76185+00	completed
336	748	358	1.00	Testas	2015-10-11 19:49:00.017585+00	2015-10-11 19:49:00.046099+00	completed
379	837	140	10.00		2016-11-11 23:53:28.966589+00	2016-11-11 23:53:28.994493+00	completed
337	358	748	1.00		2015-10-11 19:52:25.164984+00	2015-10-11 19:52:25.174542+00	completed
356	140	814	0.25	Thanks for letting me use your electricity for the night..... buzzzz	2016-10-05 18:54:29.90672+00	2016-10-05 18:54:29.955614+00	completed
338	45	80	32.24	Hosted a visit to lethbridge.	2015-11-04 22:13:49.837775+00	2015-11-04 22:13:49.930392+00	completed
339	519	518	8.60	Not sure how this works.	2016-05-26 00:29:05.307623+00	2016-05-26 00:29:05.359794+00	completed
371	140	824	4.50		2016-10-26 04:07:25.264131+00	2016-10-26 04:07:25.284148+00	completed
340	140	812	5.00	We are working together on art project.	2016-05-28 21:39:37.164722+00	2016-05-28 21:39:37.212372+00	completed
357	140	809	1.00	Towards UI	2016-10-07 02:04:06.171197+00	2016-10-07 02:04:06.227536+00	completed
341	812	140	5.00	Thanks for bitcoins!	2016-05-28 22:32:06.439348+00	2016-05-28 22:32:06.440912+00	completed
342	814	140	0.50	Daniel worked on my computer ...AGAIN!	2016-06-09 03:57:21.464071+00	2016-06-09 03:57:21.532061+00	completed
343	815	140	3.00	household help	2016-06-12 22:24:37.372115+00	2016-06-12 22:24:37.393897+00	completed
358	824	140	14.00		2016-10-09 04:28:36.392233+00	2016-10-09 04:28:36.409407+00	completed
344	815	140	2.50	computer assistance	2016-06-14 20:42:56.235676+00	2016-06-14 20:42:56.273801+00	completed
345	140	812	3.00	Illustrations. Thank you!!	2016-06-18 08:44:03.256382+00	2016-06-18 08:44:03.287627+00	completed
359	825	809	1.00	Hey Cliff! \r\nGood work thus far!	2016-10-10 05:33:03.793033+00	2016-10-10 05:33:03.893627+00	completed
360	140	824	5.00		2016-10-10 21:01:49.03459+00	2016-10-10 21:01:49.071894+00	completed
349	140	809	1.00	Thanks for the avocadosame and mullberries!	2016-09-22 00:41:33.091301+00	2016-09-22 00:41:33.137639+00	completed
350	809	140	1.00	Thanks for being behind this currency project and investing in the development of the infrastructure	2016-09-22 21:23:41.756597+00	2016-09-22 21:23:41.794937+00	completed
351	809	813	1.00	Thanks for being behind this currency project and investing in the development of our backend	2016-09-22 21:25:07.069449+00	2016-09-22 21:25:07.071606+00	completed
352	819	140	1.00	Help me with my computer	2016-09-28 03:00:07.725244+00	2016-09-28 03:00:07.75394+00	completed
361	813	809	0.50	Cliff is an extraordinary engineer--anything he sets in mind on his completes with integrity.	2016-10-12 00:05:57.986707+00	2016-10-12 00:05:58.006855+00	completed
353	140	809	1.00	Mac nuts	2016-09-29 02:09:28.657037+00	2016-09-29 02:09:28.678516+00	completed
354	36	140	1.00	Thanks for all the work in the community.	2016-09-29 23:11:57.670433+00	2016-09-29 23:11:57.701694+00	completed
372	140	824	4.50		2016-10-28 00:17:27.66504+00	2016-10-28 00:17:27.728525+00	completed
362	140	824	5.00		2016-10-12 20:43:14.272791+00	2016-10-12 20:43:14.299621+00	completed
380	837	140	15.00		2016-11-11 23:53:38.579675+00	2016-11-11 23:53:38.612308+00	completed
363	140	824	2.00		2016-10-15 17:38:40.53802+00	2016-10-15 17:38:40.601959+00	completed
373	140	824	3.50		2016-10-29 04:56:40.17024+00	2016-10-29 04:56:40.23281+00	completed
364	824	140	14.00		2016-10-15 17:42:06.277427+00	2016-10-15 17:42:06.278834+00	completed
365	140	824	2.00		2016-10-16 03:43:52.459441+00	2016-10-16 03:43:52.501444+00	completed
366	140	824	7.00		2016-10-18 04:43:31.521472+00	2016-10-18 04:43:31.586283+00	completed
374	824	140	14.00		2016-10-29 05:11:57.6616+00	2016-10-29 05:11:57.757133+00	completed
367	140	824	4.00		2016-10-19 21:56:31.972211+00	2016-10-19 21:56:32.018081+00	completed
368	140	824	4.50		2016-10-22 20:04:57.785076+00	2016-10-22 20:04:57.822473+00	completed
381	140	837	10.00		2016-11-11 23:54:26.126915+00	2016-11-11 23:54:26.221545+00	completed
369	824	140	14.00		2016-10-22 20:05:28.028486+00	2016-10-22 20:05:28.029625+00	completed
375	833	45	25.51		2016-11-02 03:02:59.288254+00	2016-11-02 03:02:59.392803+00	completed
370	824	140	1.00		2016-10-25 23:36:19.123065+00	2016-10-25 23:36:19.163679+00	completed
376	45	833	1.00	laundry soap	2016-11-08 19:11:50.235754+00	2016-11-08 19:11:50.310745+00	completed
377	140	824	10.00	refund for 5 days.. would love more help if you have time	2016-11-09 04:39:34.370428+00	2016-11-09 04:39:34.400442+00	completed
382	140	837	6.50		2016-11-13 22:25:02.859919+00	2016-11-13 22:25:02.903002+00	completed
378	836	834	2.00	Lorn's consulting advice was incredibly helpful.  I highly recommend his services.	2016-11-11 02:30:49.24789+00	2016-11-11 02:30:49.275927+00	completed
386	140	815	25.00	That'll settle us up and I will void your balance on ripple.. one love!	2016-11-16 23:01:42.389275+00	2016-11-16 23:01:42.390718+00	completed
383	832	813	4.00		2016-11-16 00:45:15.517058+00	2016-11-16 00:45:15.567173+00	completed
384	45	833	12.65	hotel	2016-11-16 01:57:47.493318+00	2016-11-16 01:57:47.494743+00	completed
387	140	837	5.00		2016-11-16 23:10:56.535603+00	2016-11-16 23:10:56.537166+00	completed
385	841	815	25.00		2016-11-16 21:29:24.939172+00	2016-11-16 21:29:24.975528+00	completed
391	849	140	4.00		2016-11-24 00:38:47.380984+00	2016-11-24 00:38:47.383058+00	completed
388	140	837	3.50		2016-11-17 02:34:47.206752+00	2016-11-17 02:34:47.225987+00	completed
389	813	140	3.00		2016-11-18 13:22:04.531199+00	2016-11-18 13:22:04.564571+00	completed
390	849	140	10.00	work exchange for rent, Wednesday, November 23-30	2016-11-24 00:38:25.759782+00	2016-11-24 00:38:25.782054+00	completed
392	851	813	5.00	Without Robert's support, I never would have been able to move to Hawaii. For this alone I will be forever indebted to him. But, Robert's last name is his motto: his heart of gold makes it easy to ask for help any time. Mahalo nui loa!	2016-11-25 22:06:01.393942+00	2016-11-25 22:06:01.426053+00	completed
393	140	849	6.00	Excellent painting job!	2016-11-29 01:04:51.439718+00	2016-11-29 01:04:51.472471+00	completed
394	849	140	14.00		2016-12-04 08:42:52.10618+00	2016-12-04 08:42:52.137986+00	completed
395	140	849	6.00	Spray paint	2016-12-06 08:38:36.482603+00	2016-12-06 08:38:36.524358+00	completed
396	140	849	4.50		2016-12-06 08:39:07.523216+00	2016-12-06 08:39:07.52444+00	completed
397	140	849	10.00		2016-12-06 08:45:01.550421+00	2016-12-06 08:45:01.551856+00	completed
398	140	849	5.00	MurAL in Pinas bathroom	2016-12-07 17:31:34.236719+00	2016-12-07 17:31:34.271927+00	completed
400	811	45	8.90		2016-12-11 18:30:10.06436+00	2016-12-11 18:30:10.116385+00	completed
425	876	779	3.00	I love coming to class!	2017-01-05 23:46:59.495468+00	2017-01-05 23:46:59.515263+00	completed
401	140	827	4.66	Helped write a press release	2016-12-13 08:08:41.590683+00	2016-12-13 08:08:41.644797+00	completed
402	140	849	8.50		2016-12-13 17:56:47.581169+00	2016-12-13 17:56:47.613087+00	completed
403	140	849	2.00		2016-12-13 17:57:37.522508+00	2016-12-13 17:57:37.524804+00	completed
426	821	855	3.00		2017-01-07 06:59:03.707743+00	2017-01-07 06:59:03.780201+00	completed
404	849	140	14.00		2016-12-13 17:59:39.139251+00	2016-12-13 17:59:39.140826+00	completed
405	833	45	42.00	For round trip train ticket	2016-12-14 18:14:44.223446+00	2016-12-14 18:14:44.251944+00	completed
406	140	813	0.33	Hummus... yummmmy	2016-12-16 02:11:35.678522+00	2016-12-16 02:11:35.70668+00	completed
407	889	140	1.00	Thank you for coming through on the Earthworms and composting advice! ~Aloha	2016-12-17 04:43:05.295182+00	2016-12-17 04:43:05.514156+00	completed
408	825	855	3.00	Josef did absolutely excellent body work for me! I hardly ever get body work done, yet from noticing his great posture, I knew he embodied this wisdom. He helped me with my posture via releasing tension spots in my legs, my hips, and my right shoulder. I felt great afterwards.	2016-12-17 17:23:49.989415+00	2016-12-17 17:23:50.15573+00	completed
409	860	866	1.00	My bike is on the road again!  Awesome job!	2016-12-18 06:28:22.685573+00	2016-12-18 06:28:22.765239+00	completed
410	779	883	5.00	Great massage!	2016-12-20 10:51:41.289503+00	2016-12-20 10:51:41.349794+00	completed
411	883	779	1.00	Drum Class :)	2016-12-20 16:19:42.25717+00	2016-12-20 16:19:42.258567+00	completed
427	739	842	2.00		2017-01-07 21:23:48.067624+00	2017-01-07 21:23:48.130396+00	completed
412	827	813	0.33	excellent hummus, superlative in fact	2016-12-20 21:08:06.591526+00	2016-12-20 21:08:06.664486+00	completed
413	821	855	4.00	Knows how to pin point the pain to get to the root of the soreness in the body. Grateful for his contribution to our community.	2016-12-20 21:46:54.119851+00	2016-12-20 21:46:54.121087+00	completed
414	827	140	8.50	Daniel helped me with my website so it could be badass!	2016-12-23 00:56:20.127584+00	2016-12-23 00:56:20.171039+00	completed
415	140	813	1.00	Thanks for all the Hummus!!	2016-12-23 16:31:51.195647+00	2016-12-23 16:31:51.261716+00	completed
428	140	813	0.33	Yummy hummus!!	2017-01-14 18:46:58.002677+00	2017-01-14 18:46:58.080001+00	completed
416	849	140	14.00	December 23 Friday- dec 30	2016-12-24 21:03:03.406349+00	2016-12-24 21:03:03.46534+00	completed
417	779	855	4.00	Excellent massage, very intuitive, fantastic results from just one session!!	2016-12-25 18:29:26.295165+00	2016-12-25 18:29:26.486369+00	completed
418	140	866	1.50	Thanks for fixing my bike!!	2016-12-26 22:20:23.905737+00	2016-12-26 22:20:23.961498+00	completed
419	896	140	2.00	thanks for saving my computer!	2016-12-30 20:41:13.294141+00	2016-12-30 20:41:13.360151+00	completed
429	866	860	0.50		2017-01-15 01:30:28.319472+00	2017-01-15 01:30:28.320767+00	completed
420	140	849	9.00	Painting	2017-01-01 03:34:19.590826+00	2017-01-01 03:34:19.696945+00	completed
421	849	140	14.00	Dec 31-Jan6	2017-01-01 03:36:02.042822+00	2017-01-01 03:36:02.044131+00	completed
422	140	815	1.50	Pigeon peas and rent the bike	2017-01-02 02:25:44.493306+00	2017-01-02 02:25:44.507569+00	completed
430	140	849	16.50		2017-01-15 17:48:12.95354+00	2017-01-15 17:48:13.002299+00	completed
423	883	779	1.00	Great Drum Class! 12/26/16	2017-01-02 03:35:16.02379+00	2017-01-02 03:35:16.060297+00	completed
424	45	833	0.70	chicken burger	2017-01-03 01:45:55.457692+00	2017-01-03 01:45:55.523678+00	completed
431	140	849	8.25		2017-01-15 17:50:09.283619+00	2017-01-15 17:50:09.284812+00	completed
432	849	140	28.00	Jan6-20	2017-01-15 18:00:31.267674+00	2017-01-15 18:00:31.26901+00	completed
433	877	140	2.00	Mahalo!  Thank you for the great security check up! ~ I feel much better!	2017-01-17 01:29:58.037024+00	2017-01-17 01:29:58.077424+00	completed
434	140	849	21.75	Painting	2017-01-24 01:18:05.297754+00	2017-01-24 01:18:05.353028+00	completed
435	849	140	14.00	Until Friday jan27	2017-01-24 01:19:14.112102+00	2017-01-24 01:19:14.113492+00	completed
\.


--
-- Name: payment_payment_id_seq; Type: SEQUENCE SET; Schema: public; Owner: -
--

SELECT pg_catalog.setval('payment_payment_id_seq', 435, true);


--
-- Data for Name: south_migrationhistory; Type: TABLE DATA; Schema: public; Owner: -
--

COPY south_migrationhistory (id, app_name, migration, applied) FROM stdin;
\.


--
-- Name: south_migrationhistory_id_seq; Type: SEQUENCE SET; Schema: public; Owner: -
--

SELECT pg_catalog.setval('south_migrationhistory_id_seq', 1, false);


--
-- Name: account_account_pkey; Type: CONSTRAINT; Schema: public; Owner: -; Tablespace: 
--

ALTER TABLE ONLY account_account
    ADD CONSTRAINT account_account_pkey PRIMARY KEY (id);


--
-- Name: account_creditline_pkey; Type: CONSTRAINT; Schema: public; Owner: -; Tablespace: 
--

ALTER TABLE ONLY account_creditline
    ADD CONSTRAINT account_creditline_pkey PRIMARY KEY (id);


--
-- Name: account_node_alias_key; Type: CONSTRAINT; Schema: public; Owner: -; Tablespace: 
--

ALTER TABLE ONLY account_node
    ADD CONSTRAINT account_node_alias_key UNIQUE (alias);


--
-- Name: account_node_pkey; Type: CONSTRAINT; Schema: public; Owner: -; Tablespace: 
--

ALTER TABLE ONLY account_node
    ADD CONSTRAINT account_node_pkey PRIMARY KEY (id);


--
-- Name: payment_entry_pkey; Type: CONSTRAINT; Schema: public; Owner: -; Tablespace: 
--

ALTER TABLE ONLY payment_entry
    ADD CONSTRAINT payment_entry_pkey PRIMARY KEY (id);


--
-- Name: payment_payment_pkey; Type: CONSTRAINT; Schema: public; Owner: -; Tablespace: 
--

ALTER TABLE ONLY payment_payment
    ADD CONSTRAINT payment_payment_pkey PRIMARY KEY (id);


--
-- Name: south_migrationhistory_pkey; Type: CONSTRAINT; Schema: public; Owner: -; Tablespace: 
--

ALTER TABLE ONLY south_migrationhistory
    ADD CONSTRAINT south_migrationhistory_pkey PRIMARY KEY (id);


--
-- Name: account_creditline_account_id; Type: INDEX; Schema: public; Owner: -; Tablespace: 
--

CREATE INDEX account_creditline_account_id ON account_creditline USING btree (account_id);


--
-- Name: account_creditline_node_id; Type: INDEX; Schema: public; Owner: -; Tablespace: 
--

CREATE INDEX account_creditline_node_id ON account_creditline USING btree (node_id);


--
-- Name: payment_entry_account_id; Type: INDEX; Schema: public; Owner: -; Tablespace: 
--

CREATE INDEX payment_entry_account_id ON payment_entry USING btree (account_id);


--
-- Name: payment_entry_payment_id; Type: INDEX; Schema: public; Owner: -; Tablespace: 
--

CREATE INDEX payment_entry_payment_id ON payment_entry USING btree (payment_id);


--
-- Name: payment_payment_payer_id; Type: INDEX; Schema: public; Owner: -; Tablespace: 
--

CREATE INDEX payment_payment_payer_id ON payment_payment USING btree (payer_id);


--
-- Name: payment_payment_recipient_id; Type: INDEX; Schema: public; Owner: -; Tablespace: 
--

CREATE INDEX payment_payment_recipient_id ON payment_payment USING btree (recipient_id);


--
-- Name: account_creditline_account_id_fkey; Type: FK CONSTRAINT; Schema: public; Owner: -
--

ALTER TABLE ONLY account_creditline
    ADD CONSTRAINT account_creditline_account_id_fkey FOREIGN KEY (account_id) REFERENCES account_account(id) DEFERRABLE INITIALLY DEFERRED;


--
-- Name: account_creditline_node_id_fkey; Type: FK CONSTRAINT; Schema: public; Owner: -
--

ALTER TABLE ONLY account_creditline
    ADD CONSTRAINT account_creditline_node_id_fkey FOREIGN KEY (node_id) REFERENCES account_node(id) DEFERRABLE INITIALLY DEFERRED;


--
-- Name: payment_entry_account_id_fkey; Type: FK CONSTRAINT; Schema: public; Owner: -
--

ALTER TABLE ONLY payment_entry
    ADD CONSTRAINT payment_entry_account_id_fkey FOREIGN KEY (account_id) REFERENCES account_account(id) DEFERRABLE INITIALLY DEFERRED;


--
-- Name: payment_entry_payment_id_fkey; Type: FK CONSTRAINT; Schema: public; Owner: -
--

ALTER TABLE ONLY payment_entry
    ADD CONSTRAINT payment_entry_payment_id_fkey FOREIGN KEY (payment_id) REFERENCES payment_payment(id) DEFERRABLE INITIALLY DEFERRED;


--
-- Name: payment_payment_payer_id_fkey; Type: FK CONSTRAINT; Schema: public; Owner: -
--

ALTER TABLE ONLY payment_payment
    ADD CONSTRAINT payment_payment_payer_id_fkey FOREIGN KEY (payer_id) REFERENCES account_node(id) DEFERRABLE INITIALLY DEFERRED;


--
-- Name: payment_payment_recipient_id_fkey; Type: FK CONSTRAINT; Schema: public; Owner: -
--

ALTER TABLE ONLY payment_payment
    ADD CONSTRAINT payment_payment_recipient_id_fkey FOREIGN KEY (recipient_id) REFERENCES account_node(id) DEFERRABLE INITIALLY DEFERRED;


--
-- Name: public; Type: ACL; Schema: -; Owner: -
--

REVOKE ALL ON SCHEMA public FROM PUBLIC;
REVOKE ALL ON SCHEMA public FROM postgres;
GRANT ALL ON SCHEMA public TO postgres;
GRANT ALL ON SCHEMA public TO PUBLIC;


--
-- PostgreSQL database dump complete
--

